GISJOIN,AJWME001
G24000100001001,587
G24000100001002,1998
G24000100001003,1080
G24000100002001,696
G24000100002002,1106
G24000100002003,2114
G24000100003001,1380
G24000100003002,586
G24000100003003,770
G24000100004001,722
G24000100004002,1255
G24000100004003,877
G24000100005001,1363
G24000100005002,954
G24000100006001,1924
G24000100006002,1002
G24000100007001,1499
G24000100007002,1860
G24000100008001,969
G24000100008002,1112
G24000100010001,1559
G24000100010002,849
G24000100011001,1288
G24000100012001,1682
G24000100012002,766
G24000100012003,698
G24000100013001,1272
G24000100013002,4036
G24000100014011,834
G24000100014012,1852
G24000100014013,1136
G24000100014021,1498
G24000100015021,2037
G24000100015031,474
G24000100015032,565
G24000100015033,717
G24000100016001,1664
G24000100017001,402
G24000100017002,1005
G24000100017003,1791
G24000100017004,1892
G24000100018001,1872
G24000100018002,770
G24000100018003,1974
G24000100019001,1390
G24000100019002,1414
G24000100020001,1489
G24000100020002,2967
G24000100020003,1094
G24000100021001,2167
G24000100021002,1012
G24000100022001,1144
G24000100022002,1451
G24000100022003,1362
G24000307011011,819
G24000307011012,842
G24000307011013,777
G24000307011014,1713
G24000307011021,2661
G24000307011022,821
G24000307011023,2398
G24000307011024,2190
G24000307012001,2512
G24000307012002,1307
G24000307012003,2055
G24000307012004,2297
G24000307013001,1697
G24000307013002,2327
G24000307013003,1293
G24000307013004,2730
G24000307014001,821
G24000307014002,2806
G24000307021001,2632
G24000307021002,867
G24000307021003,1551
G24000307021004,1175
G24000307021005,573
G24000307022041,2268
G24000307022042,2021
G24000307022051,1864
G24000307022052,2105
G24000307022053,1617
G24000307022061,3188
G24000307022062,1963
G24000307022063,1920
G24000307022081,4752
G24000307022082,2295
G24000307022091,1309
G24000307022092,1346
G24000307022093,1731
G24000307023001,673
G24000307023002,1863
G24000307023003,1646
G24000307023004,1495
G24000307024021,2054
G24000307024022,3166
G24000307024023,1202
G24000307025001,1116
G24000307025002,1243
G24000307025003,3212
G24000307025004,796
G24000307026011,414
G24000307026012,1730
G24000307026013,805
G24000307026014,935
G24000307026015,1685
G24000307026021,2577
G24000307026022,2516
G24000307026023,1027
G24000307027011,1215
G24000307027012,1370
G24000307027013,2015
G24000307027021,1586
G24000307027022,1987
G24000307061011,1227
G24000307061012,1651
G24000307061013,823
G24000307063011,1436
G24000307063012,1890
G24000307063013,961
G24000307063021,1406
G24000307063022,731
G24000307063023,947
G24000307064011,3097
G24000307064012,2411
G24000307064013,1742
G24000307064021,1312
G24000307064022,2028
G24000307065001,1571
G24000307065002,905
G24000307065003,1778
G24000307065004,1392
G24000307066001,1084
G24000307066002,2264
G24000307066003,285
G24000307066004,945
G24000307066005,668
G24000307067001,6052
G24000307070011,2263
G24000307070012,2255
G24000307070013,1620
G24000307070021,1500
G24000307070022,1046
G24000307070023,2158
G24000307080011,2066
G24000307080012,1491
G24000307080041,1300
G24000307080042,2523
G24000307080043,2061
G24000307301001,2747
G24000307301002,2274
G24000307301003,6563
G24000307302031,2187
G24000307302032,603
G24000307302033,1017
G24000307302034,1809
G24000307302041,2215
G24000307302042,2693
G24000307302043,1201
G24000307303001,2391
G24000307303002,1119
G24000307304011,3539
G24000307304012,1778
G24000307304021,1926
G24000307304022,2425
G24000307304023,1732
G24000307305021,1907
G24000307305022,2153
G24000307305023,2148
G24000307305041,2966
G24000307305042,2699
G24000307305043,2241
G24000307305051,3938
G24000307305052,1049
G24000307305061,730
G24000307305062,898
G24000307305063,1866
G24000307306011,2259
G24000307306012,1375
G24000307306013,1352
G24000307306014,1947
G24000307306031,1197
G24000307306032,1931
G24000307306041,2355
G24000307306042,2560
G24000307306043,2392
G24000307307001,1591
G24000307307002,2201
G24000307307003,537
G24000307307004,2388
G24000307307005,622
G24000307308001,2422
G24000307309011,823
G24000307309012,915
G24000307309013,928
G24000307309021,2803
G24000307309022,1061
G24000307310021,2491
G24000307310022,958
G24000307310031,1011
G24000307310032,1731
G24000307310033,1555
G24000307310041,945
G24000307310042,3458
G24000307311021,401
G24000307311022,3481
G24000307311023,2104
G24000307311024,1749
G24000307311031,2499
G24000307311032,2105
G24000307311033,1192
G24000307311041,2828
G24000307311042,1540
G24000307311051,1673
G24000307311052,1862
G24000307312011,2464
G24000307312012,1452
G24000307312013,862
G24000307312014,1864
G24000307312021,1470
G24000307312022,1756
G24000307312023,1913
G24000307312024,1706
G24000307312025,1466
G24000307312031,985
G24000307312032,2068
G24000307312033,2208
G24000307312034,808
G24000307312035,894
G24000307312041,2590
G24000307312042,2341
G24000307312043,930
G24000307312044,877
G24000307313031,1513
G24000307313032,2249
G24000307313033,1616
G24000307313034,1278
G24000307313061,498
G24000307313062,1306
G24000307313063,2032
G24000307313064,763
G24000307313065,1528
G24000307313071,2833
G24000307313072,2000
G24000307313073,1686
G24000307313081,2466
G24000307313082,1174
G24000307313091,2141
G24000307313092,2263
G24000307313093,1068
G24000307313101,2118
G24000307313102,1543
G24000307313103,1695
G24000307313111,1799
G24000307313112,3083
G24000307313113,2615
G24000307401021,1866
G24000307401022,7611
G24000307401023,460
G24000307401031,2714
G24000307401032,2438
G24000307401033,2062
G24000307401034,1525
G24000307401041,2962
G24000307401042,2690
G24000307401043,3166
G24000307401051,3042
G24000307401052,818
G24000307402011,1565
G24000307402012,1628
G24000307402013,1629
G24000307402014,2436
G24000307402031,3553
G24000307402032,2858
G24000307403031,1747
G24000307403032,2400
G24000307403041,4063
G24000307403042,1728
G24000307403051,2050
G24000307403052,5112
G24000307403053,3381
G24000307403054,1325
G24000307404001,6074
G24000307405001,5890
G24000307405002,1494
G24000307405003,3440
G24000307406011,113
G24000307406012,503
G24000307406013,714
G24000307406014,2914
G24000307406021,1996
G24000307406022,1356
G24000307406031,1009
G24000307406032,1805
G24000307407011,1562
G24000307407012,1717
G24000307407013,2556
G24000307407021,7472
G24000307407022,2736
G24000307408001,1273
G24000307408002,1577
G24000307408003,2103
G24000307409001,1935
G24000307409002,2483
G24000307409003,1636
G24000307409004,894
G24000307409005,904
G24000307410001,999
G24000307410002,1510
G24000307501011,636
G24000307501012,904
G24000307501013,662
G24000307501014,2062
G24000307501021,1516
G24000307501022,1206
G24000307502011,1332
G24000307502012,2104
G24000307502021,1986
G24000307502022,1472
G24000307502031,1156
G24000307503001,893
G24000307503002,2132
G24000307504001,1245
G24000307504002,1776
G24000307504003,545
G24000307504004,467
G24000307508011,974
G24000307508012,1638
G24000307508013,1833
G24000307508014,1818
G24000307508031,2677
G24000307508032,1370
G24000307508033,1305
G24000307508034,1692
G24000307508035,626
G24000307508041,1308
G24000307508042,2214
G24000307509001,819
G24000307509002,867
G24000307509003,1372
G24000307510001,1328
G24000307510002,1136
G24000307510003,1529
G24000307511021,3022
G24000307511022,1158
G24000307511031,1361
G24000307511032,1022
G24000307511033,2193
G24000307511034,775
G24000307512001,1369
G24000307512002,2468
G24000307512003,910
G24000307514001,826
G24000307514002,1046
G24000307514003,2112
G24000307515001,1719
G24000307515002,2685
G24000307515003,944
G24000307515004,1564
G24000307516001,1831
G24000307516002,1741
G24000307516003,1657
G24000307517001,1625
G24000307517002,1131
G24000309800001,6
G24000309900000,0
G24000504001001,1461
G24000504001002,1274
G24000504001003,1827
G24000504002001,1354
G24000504002002,1088
G24000504004001,901
G24000504004002,1346
G24000504004003,1255
G24000504004004,571
G24000504004005,1611
G24000504005001,2686
G24000504006001,673
G24000504006002,1419
G24000504006003,957
G24000504007011,1367
G24000504007012,1542
G24000504007021,2002
G24000504008001,1857
G24000504008002,923
G24000504009001,1992
G24000504010001,1129
G24000504010002,1378
G24000504011011,1858
G24000504011012,1502
G24000504011013,1840
G24000504011014,477
G24000504011021,910
G24000504012001,1319
G24000504012002,1742
G24000504013011,1646
G24000504013012,927
G24000504013013,1340
G24000504013021,2121
G24000504013022,624
G24000504014001,1645
G24000504015031,1724
G24000504015032,1245
G24000504015033,1108
G24000504015034,803
G24000504015035,1460
G24000504015041,2049
G24000504015042,2572
G24000504015043,1759
G24000504015051,1073
G24000504015052,1813
G24000504015053,1442
G24000504015061,1266
G24000504015062,2382
G24000504015063,1455
G24000504015071,1264
G24000504015072,2694
G24000504015073,809
G24000504015074,1175
G24000504022011,1856
G24000504022012,1648
G24000504022021,1551
G24000504023021,2169
G24000504023022,3383
G24000504023031,1167
G24000504023032,1233
G24000504023033,1618
G24000504023034,1788
G24000504023035,1297
G24000504023041,1569
G24000504023042,932
G24000504023043,1066
G24000504023051,816
G24000504023052,1229
G24000504023061,2778
G24000504023062,1244
G24000504023071,1676
G24000504023072,2147
G24000504023073,2438
G24000504024031,864
G24000504024032,1170
G24000504024041,1694
G24000504024042,1914
G24000504024043,1760
G24000504024051,892
G24000504024052,2766
G24000504024061,909
G24000504024062,1800
G24000504024063,2989
G24000504024071,674
G24000504024072,664
G24000504025031,2456
G24000504025032,1177
G24000504025033,1512
G24000504025041,2346
G24000504025042,2250
G24000504025051,1144
G24000504025052,2542
G24000504025061,2105
G24000504025062,2408
G24000504025091,3447
G24000504025092,3704
G24000504025093,2968
G24000504026021,1111
G24000504026022,1136
G24000504026031,2316
G24000504026032,2053
G24000504026033,1935
G24000504026041,2087
G24000504026042,3262
G24000504026043,776
G24000504031001,1147
G24000504031002,1306
G24000504032011,2684
G24000504032012,733
G24000504032021,2103
G24000504033001,805
G24000504033002,1713
G24000504034011,2204
G24000504034012,1300
G24000504034021,1816
G24000504034022,1521
G24000504034023,651
G24000504034024,1634
G24000504035001,1558
G24000504035002,2367
G24000504035003,1077
G24000504036011,1079
G24000504036012,996
G24000504036013,2627
G24000504036021,2590
G24000504036022,3177
G24000504037011,2137
G24000504037012,737
G24000504037013,1055
G24000504037014,911
G24000504037015,2232
G24000504037021,2312
G24000504037022,2415
G24000504038011,1648
G24000504038021,1547
G24000504038022,1299
G24000504038031,2419
G24000504038032,1023
G24000504041011,1683
G24000504041012,4495
G24000504041021,3151
G24000504041022,2882
G24000504042011,3251
G24000504042012,1211
G24000504042013,1500
G24000504042021,2773
G24000504042022,1352
G24000504042023,3046
G24000504042024,1580
G24000504044021,1123
G24000504044022,2626
G24000504044023,2739
G24000504044031,1409
G24000504044032,3682
G24000504044041,2455
G24000504044042,2513
G24000504045011,1845
G24000504045012,973
G24000504045013,979
G24000504045014,3210
G24000504045021,1664
G24000504045022,698
G24000504045023,1543
G24000504046001,1888
G24000504046002,918
G24000504048001,1124
G24000504048002,830
G24000504049001,2237
G24000504049002,1185
G24000504049003,865
G24000504050001,2867
G24000504050002,1563
G24000504060001,1465
G24000504060002,1198
G24000504060003,1417
G24000504060004,1681
G24000504070011,1447
G24000504070012,1608
G24000504070021,2079
G24000504070022,2122
G24000504070023,1441
G24000504081001,1111
G24000504081002,753
G24000504081003,1911
G24000504081004,1894
G24000504082001,888
G24000504082002,975
G24000504083021,745
G24000504083022,2038
G24000504083031,1935
G24000504083032,1360
G24000504083041,3246
G24000504083042,1159
G24000504083043,821
G24000504084001,953
G24000504085021,2605
G24000504085022,1297
G24000504085023,1326
G24000504085031,1975
G24000504085032,1708
G24000504085051,2050
G24000504085052,1681
G24000504085061,2426
G24000504085062,2817
G24000504085071,2026
G24000504085072,2866
G24000504085073,2022
G24000504086011,1175
G24000504086012,777
G24000504086013,995
G24000504086014,1035
G24000504086021,1248
G24000504086022,853
G24000504087021,1715
G24000504087022,681
G24000504087031,1379
G24000504087032,2716
G24000504087033,897
G24000504087034,1589
G24000504087041,2215
G24000504087042,2183
G24000504087043,1314
G24000504088001,1168
G24000504088002,1327
G24000504089001,1358
G24000504089002,1297
G24000504101001,636
G24000504101002,808
G24000504101003,2239
G24000504101004,1909
G24000504102001,1697
G24000504102002,1797
G24000504102003,1404
G24000504111011,2178
G24000504111021,1030
G24000504111022,532
G24000504111023,1548
G24000504112011,961
G24000504112012,732
G24000504112013,672
G24000504112014,798
G24000504112021,1648
G24000504112022,1345
G24000504112023,958
G24000504113021,3804
G24000504113031,1987
G24000504113032,1271
G24000504113033,1928
G24000504113034,1108
G24000504113061,1233
G24000504113062,2517
G24000504113063,1467
G24000504113071,2003
G24000504113072,1770
G24000504113081,1130
G24000504113082,560
G24000504113083,1691
G24000504113091,2234
G24000504113092,3839
G24000504113093,2915
G24000504114041,2835
G24000504114042,761
G24000504114061,1542
G24000504114062,1362
G24000504114063,1215
G24000504114071,1288
G24000504114072,3558
G24000504114073,1589
G24000504114074,3384
G24000504114075,913
G24000504114081,1126
G24000504114082,1875
G24000504114083,685
G24000504114091,1079
G24000504114092,2166
G24000504114093,1866
G24000504114101,1064
G24000504114102,1496
G24000504114103,2075
G24000504201001,1607
G24000504201002,1210
G24000504201003,839
G24000504202001,1472
G24000504202002,1257
G24000504203011,2459
G24000504203021,1016
G24000504203022,1499
G24000504203031,1268
G24000504204011,1375
G24000504204012,3578
G24000504204013,591
G24000504204014,1043
G24000504204021,944
G24000504204022,968
G24000504205001,1847
G24000504205002,1643
G24000504206001,2652
G24000504206002,767
G24000504206003,1000
G24000504207011,3200
G24000504207021,1975
G24000504208001,820
G24000504208002,1070
G24000504208003,1126
G24000504209001,1640
G24000504209002,885
G24000504209003,944
G24000504210001,1814
G24000504211011,1592
G24000504211012,1354
G24000504211021,1541
G24000504211022,1056
G24000504212001,893
G24000504212002,797
G24000504213001,938
G24000504213002,1032
G24000504213003,1211
G24000504301011,2893
G24000504301012,2091
G24000504301041,1314
G24000504301042,1661
G24000504302001,733
G24000504302002,1206
G24000504302003,714
G24000504303001,1515
G24000504303002,1643
G24000504303003,830
G24000504303004,1930
G24000504304001,1322
G24000504304002,1316
G24000504304003,1650
G24000504306001,1573
G24000504306002,771
G24000504307001,918
G24000504307002,2459
G24000504307003,1922
G24000504308001,1063
G24000504308002,835
G24000504308003,1578
G24000504309001,2429
G24000504309002,1225
G24000504309003,1198
G24000504401001,1367
G24000504401002,1360
G24000504401003,780
G24000504401004,1044
G24000504402001,941
G24000504402002,1473
G24000504403001,1976
G24000504404001,1880
G24000504404002,622
G24000504404003,1540
G24000504404004,1320
G24000504405001,2595
G24000504405002,749
G24000504406001,2259
G24000504407011,2224
G24000504407012,3737
G24000504407013,1470
G24000504407021,2524
G24000504407022,1859
G24000504408001,3320
G24000504409001,1803
G24000504409002,2101
G24000504410001,1815
G24000504410002,1990
G24000504411011,1302
G24000504411012,793
G24000504411021,1077
G24000504411022,1060
G24000504411023,772
G24000504411024,1974
G24000504501001,1867
G24000504501002,1057
G24000504501003,922
G24000504502001,1490
G24000504502002,772
G24000504502003,948
G24000504503001,2028
G24000504503002,1134
G24000504504001,668
G24000504504002,1644
G24000504505011,1442
G24000504505012,1650
G24000504505013,1190
G24000504505031,823
G24000504505032,3103
G24000504505033,2456
G24000504505041,529
G24000504505042,2813
G24000504505043,2476
G24000504508001,732
G24000504508002,2861
G24000504508003,510
G24000504509001,1315
G24000504509002,2851
G24000504510001,948
G24000504510002,688
G24000504511001,2285
G24000504512001,1753
G24000504512002,2060
G24000504513001,2897
G24000504513002,1092
G24000504514011,2081
G24000504514012,1798
G24000504514021,1249
G24000504514022,1076
G24000504514023,2800
G24000504515001,1482
G24000504515002,1186
G24000504515003,1260
G24000504516001,674
G24000504516002,1311
G24000504517011,2496
G24000504517012,1326
G24000504517021,823
G24000504517022,1095
G24000504518011,589
G24000504518012,1688
G24000504518013,1333
G24000504518014,1979
G24000504518021,1261
G24000504518022,1048
G24000504518023,1603
G24000504518031,2183
G24000504518032,2272
G24000504519001,592
G24000504519002,847
G24000504519003,1081
G24000504520001,1077
G24000504520002,1584
G24000504521001,1712
G24000504521002,1052
G24000504521003,563
G24000504523001,1612
G24000504523002,1442
G24000504524001,992
G24000504524002,2218
G24000504525001,735
G24000504525002,2260
G24000504525003,711
G24000504901001,1659
G24000504901002,776
G24000504901003,1428
G24000504902001,888
G24000504902002,1030
G24000504902003,943
G24000504903011,2259
G24000504903012,2840
G24000504903013,2315
G24000504903021,1185
G24000504903022,3597
G24000504904001,1130
G24000504904002,713
G24000504905001,915
G24000504905002,1534
G24000504905003,1212
G24000504906011,1058
G24000504906012,1108
G24000504906021,1218
G24000504906022,1731
G24000504906031,1496
G24000504906032,776
G24000504906051,2831
G24000504906052,2271
G24000504907011,1665
G24000504907031,1805
G24000504907032,1410
G24000504908001,1201
G24000504908002,2081
G24000504909001,1692
G24000504909002,2191
G24000504909003,452
G24000504910001,1075
G24000504910002,1196
G24000504911001,1294
G24000504911002,1559
G24000504911003,1006
G24000504912011,1013
G24000504912012,584
G24000504912021,1242
G24000504912022,655
G24000504913001,1596
G24000504913002,2008
G24000504914011,949
G24000504914012,1895
G24000504914013,2633
G24000504914021,1440
G24000504914022,1482
G24000504915001,1241
G24000504915002,1233
G24000504915003,1896
G24000504916001,819
G24000504916002,1214
G24000504916003,1278
G24000504917011,1227
G24000504917012,1650
G24000504917013,1151
G24000504919001,1010
G24000504919002,822
G24000504920011,861
G24000504920012,478
G24000504920021,780
G24000504920022,972
G24000504920023,921
G24000504920024,1138
G24000504921011,577
G24000504921012,1059
G24000504921013,932
G24000504921014,1145
G24000504921021,1059
G24000504921022,1080
G24000504922001,1285
G24000504922002,2482
G24000504922003,1087
G24000504923001,1538
G24000504923002,2692
G24000504924011,1559
G24000504924012,2058
G24000504924021,3229
G24000504924022,2924
G24000504925001,2561
G24000504925002,356
G24000504926001,103
G24000504926002,1366
G24000504926003,2299
G24000509800001,0
G24000509801001,0
G24000509802001,0
G24000908601011,1794
G24000908601012,1384
G24000908601021,2003
G24000908601022,813
G24000908602001,2585
G24000908602002,3502
G24000908603001,1935
G24000908603002,1806
G24000908603003,1029
G24000908604011,2807
G24000908604012,886
G24000908604013,4040
G24000908604014,2433
G24000908604021,3103
G24000908604022,656
G24000908605011,3415
G24000908605012,3384
G24000908605021,948
G24000908605022,2237
G24000908606001,2482
G24000908606002,2217
G24000908606003,2483
G24000908607011,3001
G24000908607021,1436
G24000908607022,1987
G24000908607031,1997
G24000908607032,1801
G24000908608011,2789
G24000908608012,727
G24000908608013,3578
G24000908608021,457
G24000908608022,1192
G24000908608023,3099
G24000908609001,2782
G24000908609002,1479
G24000908609003,1342
G24000908609004,1363
G24000908610011,1055
G24000908610031,2191
G24000908610032,1419
G24000908610033,2488
G24000908610041,1847
G24000908610042,2911
G24000908610043,2199
G24000909901000,0
G24001109550001,2205
G24001109550002,1374
G24001109551001,1303
G24001109551002,2479
G24001109551003,1896
G24001109552011,2157
G24001109552012,1514
G24001109552021,1032
G24001109552022,1059
G24001109553011,2527
G24001109553012,1854
G24001109553021,1141
G24001109553022,898
G24001109553023,1191
G24001109554001,660
G24001109554002,1352
G24001109555001,1141
G24001109555002,1341
G24001109555003,1444
G24001109556001,365
G24001109556002,2170
G24001109556003,655
G24001109556004,1117
G24001305010011,1437
G24001305010012,2447
G24001305010013,325
G24001305010021,2979
G24001305010022,1007
G24001305010023,1573
G24001305020001,1468
G24001305020002,1983
G24001305030001,885
G24001305030002,1701
G24001305030003,1123
G24001305030004,1705
G24001305041001,1601
G24001305041002,2428
G24001305041003,897
G24001305042011,1479
G24001305042012,1500
G24001305042013,1812
G24001305042014,1566
G24001305042021,1127
G24001305042022,2438
G24001305042023,1820
G24001305042024,1131
G24001305051011,2127
G24001305051012,1886
G24001305051021,1933
G24001305051022,2170
G24001305051023,1431
G24001305052031,1838
G24001305052032,1000
G24001305052033,917
G24001305052051,2324
G24001305052052,1308
G24001305052061,1506
G24001305052062,1786
G24001305052071,1524
G24001305052072,2338
G24001305052081,1419
G24001305052082,2084
G24001305052083,1364
G24001305061011,830
G24001305061012,1425
G24001305061013,2149
G24001305061021,1923
G24001305061022,2238
G24001305062001,1927
G24001305062002,696
G24001305062003,1355
G24001305062004,1176
G24001305075001,1167
G24001305075002,2192
G24001305075003,1555
G24001305076011,1244
G24001305076012,2502
G24001305076013,1211
G24001305076021,1315
G24001305076022,1745
G24001305076023,1035
G24001305077021,2522
G24001305077022,1191
G24001305077031,2188
G24001305077032,859
G24001305077041,1748
G24001305077042,1299
G24001305077043,2974
G24001305078011,2802
G24001305078012,1503
G24001305078013,1567
G24001305078021,1380
G24001305078022,760
G24001305078023,1724
G24001305078024,864
G24001305081011,1650
G24001305081012,1521
G24001305081013,1585
G24001305081021,1804
G24001305081022,1073
G24001305082001,552
G24001305082002,1976
G24001305082003,1300
G24001305082004,1675
G24001305082005,1335
G24001305090011,1594
G24001305090012,2775
G24001305090021,1413
G24001305090022,1394
G24001305100001,1496
G24001305110001,1419
G24001305110002,1368
G24001305110003,899
G24001305120001,858
G24001305120002,574
G24001305130011,2809
G24001305130012,534
G24001305130013,1540
G24001305130021,1669
G24001305130022,1412
G24001305130023,2508
G24001305141001,1400
G24001305141002,583
G24001305141003,1610
G24001305142011,1500
G24001305142012,2473
G24001305142013,1260
G24001305142021,2020
G24001305142022,1490
G24001500301001,1002
G24001500301002,1700
G24001500301003,1753
G24001500302001,1042
G24001500302002,1304
G24001500302003,1516
G24001500302004,560
G24001500302005,591
G24001500304001,1258
G24001500304002,1472
G24001500304003,1733
G24001500304004,709
G24001500305011,1690
G24001500305012,2557
G24001500305031,1244
G24001500305032,1543
G24001500305033,1638
G24001500305034,963
G24001500305051,2757
G24001500305052,1588
G24001500305061,2113
G24001500305062,3002
G24001500305063,2873
G24001500306011,1286
G24001500306012,1688
G24001500306013,823
G24001500306021,1777
G24001500306022,3413
G24001500307001,1574
G24001500307002,1910
G24001500307003,1403
G24001500309031,1586
G24001500309032,3946
G24001500309041,628
G24001500309042,1568
G24001500309043,1986
G24001500309044,1344
G24001500309045,2328
G24001500309051,1134
G24001500309052,1591
G24001500309061,4458
G24001500309062,972
G24001500309063,3421
G24001500309064,1173
G24001500312011,1789
G24001500312012,2203
G24001500312013,2018
G24001500312021,1717
G24001500312022,1369
G24001500312023,2257
G24001500313011,1706
G24001500313012,1679
G24001500313021,2991
G24001500313022,1754
G24001500313023,2303
G24001500314001,2010
G24001500314002,2104
G24001708501011,2967
G24001708501012,2750
G24001708501021,1489
G24001708501022,833
G24001708502011,1095
G24001708502021,1745
G24001708502022,1238
G24001708502023,1673
G24001708503001,1050
G24001708503002,960
G24001708504001,354
G24001708504002,1691
G24001708504003,1525
G24001708505001,1334
G24001708505002,1550
G24001708506001,1629
G24001708506002,1311
G24001708506003,2055
G24001708507061,3904
G24001708507062,1437
G24001708507081,2308
G24001708507082,3272
G24001708507091,3117
G24001708507092,1110
G24001708507093,2577
G24001708507101,3169
G24001708507102,2646
G24001708507111,2377
G24001708507112,782
G24001708507113,1885
G24001708507121,2627
G24001708507122,3274
G24001708507131,3936
G24001708507132,4203
G24001708508011,825
G24001708508012,927
G24001708508013,1250
G24001708508014,1880
G24001708508021,2041
G24001708508022,2039
G24001708508023,1098
G24001708509011,1840
G24001708509012,2038
G24001708509013,1301
G24001708509021,1944
G24001708509022,2430
G24001708509023,1340
G24001708509041,8211
G24001708509042,1162
G24001708509051,2038
G24001708509052,2157
G24001708509061,1766
G24001708509062,730
G24001708509063,1802
G24001708510011,984
G24001708510012,2934
G24001708510021,500
G24001708510022,2268
G24001708510023,953
G24001708510024,1103
G24001708510025,1364
G24001708510026,3043
G24001708511001,940
G24001708511002,2080
G24001708512001,1663
G24001708512002,615
G24001708512003,1391
G24001708512004,1304
G24001708513011,1834
G24001708513012,3272
G24001708513021,545
G24001708513022,1189
G24001708513023,3071
G24001708514001,2043
G24001708514002,3021
G24001708514003,1079
G24001708514004,2564
G24001708515001,2252
G24001708515002,2905
G24001708515003,4062
G24001709900000,0
G24001909701001,1046
G24001909701002,850
G24001909701003,971
G24001909702001,1117
G24001909702002,2458
G24001909702003,1449
G24001909702004,844
G24001909703001,1436
G24001909703002,1107
G24001909703003,832
G24001909703004,814
G24001909704001,862
G24001909704002,1308
G24001909704003,607
G24001909704004,819
G24001909705001,416
G24001909705002,1517
G24001909705003,1736
G24001909706001,2130
G24001909706002,1213
G24001909706003,1258
G24001909707021,874
G24001909707022,459
G24001909707023,855
G24001909707024,1769
G24001909708041,1067
G24001909708042,1123
G24001909709001,622
G24001909709002,702
G24001909900000,0
G24002107402001,495
G24002107402002,1361
G24002107402003,1630
G24002107402004,1357
G24002107501001,720
G24002107501002,659
G24002107502001,498
G24002107502002,1248
G24002107503001,907
G24002107503002,680
G24002107505031,2196
G24002107505032,1190
G24002107505033,634
G24002107505034,351
G24002107505035,3230
G24002107505041,2003
G24002107505042,1133
G24002107505043,2053
G24002107505044,661
G24002107505051,2796
G24002107505052,1084
G24002107505053,3287
G24002107505061,1659
G24002107505062,1357
G24002107505063,1447
G24002107506001,1333
G24002107506002,542
G24002107506003,663
G24002107507011,2499
G24002107507012,1881
G24002107507013,1096
G24002107507021,1687
G24002107507022,823
G24002107507023,874
G24002107508011,617
G24002107508012,1834
G24002107508013,528
G24002107508021,2089
G24002107508022,930
G24002107508023,2529
G24002107508031,1999
G24002107508032,1494
G24002107508033,3070
G24002107510011,1030
G24002107510021,1750
G24002107510022,879
G24002107510023,1835
G24002107510024,858
G24002107510031,2323
G24002107510032,2653
G24002107510033,866
G24002107510041,764
G24002107510042,3488
G24002107512011,972
G24002107512012,2163
G24002107512013,1913
G24002107512021,1773
G24002107512022,2922
G24002107512023,1064
G24002107512024,965
G24002107512031,841
G24002107512032,156
G24002107512033,978
G24002107513011,1245
G24002107513012,2826
G24002107513021,1803
G24002107513022,1430
G24002107516001,1345
G24002107516002,1695
G24002107517011,594
G24002107517012,1006
G24002107517013,790
G24002107517021,1412
G24002107517022,1516
G24002107517023,903
G24002107518011,1092
G24002107518012,995
G24002107518013,891
G24002107518014,1749
G24002107518021,1411
G24002107518022,1311
G24002107518023,663
G24002107519011,799
G24002107519012,1860
G24002107519013,1841
G24002107519021,2546
G24002107519022,1504
G24002107519023,1809
G24002107519031,1065
G24002107519032,1070
G24002107519033,1063
G24002107519034,171
G24002107519035,1384
G24002107519036,1304
G24002107519041,1548
G24002107519042,1928
G24002107520011,1444
G24002107520012,1766
G24002107520013,1875
G24002107521011,2325
G24002107521012,1074
G24002107521021,1784
G24002107521022,1238
G24002107521023,73
G24002107521024,1379
G24002107522011,1485
G24002107522012,807
G24002107522021,1731
G24002107522022,1467
G24002107522023,1043
G24002107522041,811
G24002107522042,3342
G24002107522043,1476
G24002107522044,2761
G24002107523011,2454
G24002107523012,244
G24002107523013,2361
G24002107523021,930
G24002107523022,2328
G24002107523023,788
G24002107523031,641
G24002107523032,1002
G24002107523033,2166
G24002107525011,892
G24002107525012,1542
G24002107525013,855
G24002107525014,1663
G24002107525021,1613
G24002107525022,879
G24002107526011,1312
G24002107526012,724
G24002107526013,1235
G24002107526014,867
G24002107526021,1008
G24002107526022,667
G24002107526023,1510
G24002107526031,950
G24002107526032,1711
G24002107526033,1169
G24002107528011,1371
G24002107528012,657
G24002107528021,1024
G24002107528022,2655
G24002107529001,1185
G24002107529002,2056
G24002107530011,486
G24002107530012,1588
G24002107530013,190
G24002107530014,142
G24002107530015,1183
G24002107530016,1135
G24002107530021,254
G24002107530022,929
G24002107530023,1262
G24002107530024,354
G24002107651001,2035
G24002107651002,1019
G24002107651003,806
G24002107668001,1507
G24002107668002,1303
G24002107668003,2072
G24002107668004,933
G24002107675001,1041
G24002107675002,891
G24002107675003,674
G24002107676001,975
G24002107676002,1291
G24002107676003,696
G24002107707001,1524
G24002107707002,1106
G24002107707003,857
G24002107722001,530
G24002107722002,821
G24002107735001,1073
G24002107735002,1258
G24002107735003,2069
G24002107753021,595
G24002107753022,58
G24002107753023,655
G24002107753024,629
G24002107753025,1565
G24002107753026,1143
G24002107754001,876
G24002107754002,497
G24002107754003,619
G24002107754004,1033
G24002107754005,739
G24002107756001,1153
G24002107756002,1276
G24002107756003,1404
G24002300001001,1026
G24002300001002,1538
G24002300001003,1135
G24002300002001,2052
G24002300002002,2161
G24002300003001,1344
G24002300003002,1475
G24002300004001,1226
G24002300004002,836
G24002300004003,922
G24002300005001,1085
G24002300005002,1510
G24002300005003,1483
G24002300006001,1251
G24002300006002,362
G24002300006003,1110
G24002300006004,1284
G24002300006005,1302
G24002300006006,533
G24002300007001,2135
G24002300007002,2519
G24002300007003,1087
G24002503011021,1379
G24002503011022,1601
G24002503011023,925
G24002503011051,1859
G24002503011052,1978
G24002503011061,1421
G24002503011062,2794
G24002503011071,1288
G24002503011072,1997
G24002503011081,1430
G24002503011082,1373
G24002503011083,418
G24002503012011,748
G24002503012012,1247
G24002503012021,2091
G24002503012022,860
G24002503012023,1256
G24002503012024,2879
G24002503012041,4130
G24002503012051,1349
G24002503012052,1923
G24002503012053,1105
G24002503013011,1854
G24002503013012,1597
G24002503013013,840
G24002503013021,2680
G24002503013022,1311
G24002503013023,538
G24002503013024,2265
G24002503014011,1027
G24002503014012,2866
G24002503014013,2172
G24002503014014,1379
G24002503014021,796
G24002503014022,1883
G24002503016011,571
G24002503016012,2063
G24002503016013,890
G24002503016014,1247
G24002503016015,1737
G24002503016021,1145
G24002503016022,4271
G24002503016023,3021
G24002503017021,2180
G24002503017022,3020
G24002503017023,758
G24002503017024,263
G24002503017025,2766
G24002503017031,2820
G24002503017032,2076
G24002503017041,1287
G24002503017042,2109
G24002503021001,1289
G24002503021002,797
G24002503022001,454
G24002503022002,2719
G24002503024001,1674
G24002503024002,1062
G24002503024003,1258
G24002503028011,908
G24002503028012,989
G24002503028013,1716
G24002503028021,937
G24002503028022,1158
G24002503028023,1271
G24002503028024,1513
G24002503029011,1203
G24002503029012,1644
G24002503029021,1285
G24002503029022,1100
G24002503029023,1678
G24002503031011,450
G24002503031012,494
G24002503031013,449
G24002503031014,2701
G24002503031015,2013
G24002503031021,2062
G24002503031022,752
G24002503032011,672
G24002503032012,819
G24002503032013,2318
G24002503032014,1968
G24002503032031,984
G24002503032032,1605
G24002503032033,1079
G24002503032041,2637
G24002503032042,564
G24002503032043,1320
G24002503032051,1644
G24002503032061,2197
G24002503032062,1372
G24002503033001,2992
G24002503033002,520
G24002503033003,1541
G24002503033004,1150
G24002503034001,2411
G24002503034002,794
G24002503034003,1354
G24002503035011,2734
G24002503035012,3895
G24002503035021,313
G24002503035022,1452
G24002503035023,848
G24002503035024,1003
G24002503036021,1931
G24002503036022,1665
G24002503036031,2008
G24002503036032,1485
G24002503036033,880
G24002503036034,2468
G24002503036051,2186
G24002503036052,3897
G24002503036061,3296
G24002503037001,879
G24002503037002,751
G24002503037003,2138
G24002503038011,982
G24002503038012,1626
G24002503038021,2112
G24002503038031,2097
G24002503038032,1289
G24002503038033,906
G24002503038034,599
G24002503039001,2304
G24002503041011,2669
G24002503041012,1724
G24002503041021,2008
G24002503041022,870
G24002503041023,1026
G24002503042011,1167
G24002503042012,2411
G24002503042013,1012
G24002503042014,665
G24002503042015,1218
G24002503042021,2433
G24002503042022,867
G24002503042023,870
G24002503042024,1587
G24002503042025,1154
G24002503051001,2995
G24002503051002,1954
G24002503051003,1723
G24002503051004,1152
G24002503052001,685
G24002503052002,1427
G24002503052003,649
G24002503053001,881
G24002503053002,1111
G24002503061001,763
G24002503061002,745
G24002503061003,2229
G24002503061004,444
G24002503062001,957
G24002503062002,604
G24002503062003,561
G24002503063001,708
G24002503063002,400
G24002503063003,1698
G24002503064001,408
G24002503064002,881
G24002503064003,1139
G24002503064004,1398
G24002503064005,917
G24002503064006,1231
G24002503065001,217
G24002503065002,461
G24002503065003,2262
G24002706011031,2748
G24002706011032,2340
G24002706011033,1030
G24002706011041,2018
G24002706011042,3690
G24002706011043,856
G24002706011051,2559
G24002706011052,752
G24002706011053,1376
G24002706011071,3344
G24002706011072,2049
G24002706011081,2084
G24002706011082,1801
G24002706012011,952
G24002706012012,2257
G24002706012013,1375
G24002706012014,1918
G24002706012015,2332
G24002706012031,5213
G24002706012032,1304
G24002706012041,3119
G24002706012042,2641
G24002706021001,711
G24002706021002,1690
G24002706021003,910
G24002706021004,1442
G24002706021005,2147
G24002706021006,710
G24002706022011,2570
G24002706022012,968
G24002706022021,1522
G24002706022022,2937
G24002706022023,1320
G24002706023021,2872
G24002706023022,1434
G24002706023023,3290
G24002706023031,1763
G24002706023032,935
G24002706023033,1226
G24002706023041,1408
G24002706023042,2188
G24002706023043,1621
G24002706023051,1424
G24002706023052,2344
G24002706023061,2876
G24002706023062,2728
G24002706026001,2643
G24002706026002,811
G24002706026003,4525
G24002706027001,2429
G24002706027002,3109
G24002706028001,2476
G24002706028002,1285
G24002706028003,2672
G24002706029001,1877
G24002706029002,2774
G24002706030011,2249
G24002706030012,1515
G24002706030013,2487
G24002706030031,2427
G24002706030032,1622
G24002706030041,2359
G24002706030042,3241
G24002706030043,1175
G24002706040011,1929
G24002706040012,2168
G24002706040013,2191
G24002706040021,1147
G24002706040022,1491
G24002706040023,2783
G24002706040024,2703
G24002706051021,1922
G24002706051022,2949
G24002706051023,4390
G24002706051024,1834
G24002706051031,2235
G24002706051032,2926
G24002706051041,2345
G24002706051042,2987
G24002706054011,2244
G24002706054012,586
G24002706054013,1396
G24002706054014,851
G24002706054021,1436
G24002706054022,2625
G24002706054023,1330
G24002706054024,2111
G24002706055021,2193
G24002706055022,1832
G24002706055023,1194
G24002706055031,748
G24002706055032,2666
G24002706055033,3180
G24002706055041,2647
G24002706055051,3697
G24002706055052,2419
G24002706056011,2101
G24002706056012,1567
G24002706056013,1521
G24002706056014,1328
G24002706056021,1832
G24002706056022,2855
G24002706056023,1548
G24002706056024,2018
G24002706066011,1590
G24002706066012,1433
G24002706066031,2196
G24002706066032,2018
G24002706066033,1343
G24002706066034,812
G24002706066035,1607
G24002706066041,1895
G24002706066042,2426
G24002706066061,2764
G24002706066062,2605
G24002706066071,2218
G24002706066072,2796
G24002706067011,1523
G24002706067012,1317
G24002706067041,2256
G24002706067042,2906
G24002706067043,1701
G24002706067051,1935
G24002706067061,865
G24002706067062,2643
G24002706067063,1467
G24002706067071,2485
G24002706067072,1336
G24002706068031,2817
G24002706068032,2103
G24002706068033,958
G24002706068041,2499
G24002706068042,950
G24002706068051,1866
G24002706068052,974
G24002706068053,1634
G24002706068061,4641
G24002706068062,2205
G24002706068063,1261
G24002706069011,1894
G24002706069012,1108
G24002706069013,2314
G24002706069014,924
G24002706069041,1686
G24002706069042,1206
G24002706069043,1951
G24002706069051,1805
G24002706069052,1628
G24002706069053,3292
G24002706069061,3513
G24002706069062,2846
G24002706069071,1679
G24002706069072,2517
G24002706069073,2524
G24002909501001,1396
G24002909501002,599
G24002909501003,1061
G24002909501004,552
G24002909502001,1399
G24002909502002,1195
G24002909502003,611
G24002909502004,763
G24002909502005,775
G24002909503001,1560
G24002909503002,1474
G24002909503003,1561
G24002909503004,971
G24002909504001,1440
G24002909504002,829
G24002909504003,880
G24002909505001,528
G24002909505002,1043
G24002909505003,956
G24002909900000,0
G24003107001011,1894
G24003107001012,1708
G24003107001013,826
G24003107001031,1121
G24003107001032,1041
G24003107001033,3016
G24003107001041,2436
G24003107001042,2284
G24003107001043,880
G24003107001051,1473
G24003107001052,1712
G24003107001053,3189
G24003107002041,1201
G24003107002042,735
G24003107002051,8236
G24003107002052,2589
G24003107002053,901
G24003107002061,1775
G24003107002062,1100
G24003107002063,2660
G24003107002071,2689
G24003107002072,2968
G24003107002081,1193
G24003107002082,1150
G24003107003041,1183
G24003107003042,2306
G24003107003043,2559
G24003107003044,2507
G24003107003061,1255
G24003107003062,3503
G24003107003063,2779
G24003107003081,1015
G24003107003082,1582
G24003107003083,856
G24003107003084,2409
G24003107003091,2724
G24003107003092,3189
G24003107003101,3604
G24003107003102,913
G24003107003103,1306
G24003107003104,883
G24003107003111,4465
G24003107003112,1117
G24003107003113,4766
G24003107003121,1360
G24003107003122,2026
G24003107003123,3028
G24003107004001,780
G24003107004002,1295
G24003107005001,2439
G24003107005002,2088
G24003107005003,2153
G24003107006041,2551
G24003107006042,1130
G24003107006043,1502
G24003107006044,1241
G24003107006061,1150
G24003107006062,1081
G24003107006063,2049
G24003107006071,1683
G24003107006072,1394
G24003107006073,1729
G24003107006074,2877
G24003107006081,1642
G24003107006082,2923
G24003107006083,1223
G24003107006101,2193
G24003107006111,2462
G24003107006112,3572
G24003107006131,2024
G24003107006132,2618
G24003107006133,1020
G24003107006134,726
G24003107006141,1650
G24003107006142,1148
G24003107006143,2392
G24003107006151,1408
G24003107006152,1552
G24003107006161,1152
G24003107006162,1953
G24003107006163,1662
G24003107007041,941
G24003107007042,1819
G24003107007043,631
G24003107007061,2985
G24003107007062,1388
G24003107007101,1555
G24003107007102,946
G24003107007103,1320
G24003107007104,1942
G24003107007105,1088
G24003107007111,2732
G24003107007112,2035
G24003107007113,1095
G24003107007131,1311
G24003107007132,1893
G24003107007133,2998
G24003107007151,2332
G24003107007152,2052
G24003107007153,769
G24003107007154,1615
G24003107007161,2183
G24003107007162,4367
G24003107007163,2341
G24003107007171,2598
G24003107007172,1416
G24003107007173,2522
G24003107007174,977
G24003107007181,4631
G24003107007182,1426
G24003107007191,2713
G24003107007192,3324
G24003107007193,3436
G24003107007201,1483
G24003107007202,1997
G24003107007211,1516
G24003107007212,1889
G24003107007221,2725
G24003107007222,663
G24003107007223,1656
G24003107007231,1711
G24003107007232,1183
G24003107007233,876
G24003107007241,3780
G24003107008101,731
G24003107008102,2874
G24003107008103,1702
G24003107008111,1399
G24003107008112,866
G24003107008113,2071
G24003107008121,2490
G24003107008122,1475
G24003107008131,1127
G24003107008132,1261
G24003107008133,1328
G24003107008134,2328
G24003107008151,2742
G24003107008152,3223
G24003107008153,524
G24003107008154,1258
G24003107008161,2624
G24003107008162,2307
G24003107008163,1795
G24003107008164,1722
G24003107008171,1579
G24003107008172,1996
G24003107008173,3625
G24003107008181,1056
G24003107008182,2022
G24003107008183,1243
G24003107008184,2078
G24003107008191,1290
G24003107008192,1640
G24003107008193,2929
G24003107008194,1405
G24003107008201,2659
G24003107008221,1847
G24003107008231,2718
G24003107008232,805
G24003107008241,2811
G24003107008261,856
G24003107008262,2427
G24003107008263,2449
G24003107008281,2242
G24003107008291,1579
G24003107008292,1694
G24003107008301,3013
G24003107008321,3242
G24003107008331,1670
G24003107008332,2193
G24003107008341,1014
G24003107008342,1967
G24003107008343,2104
G24003107008351,1467
G24003107008352,3331
G24003107009011,2471
G24003107009012,1795
G24003107009021,2129
G24003107009022,2054
G24003107009031,2366
G24003107009041,1802
G24003107009042,1427
G24003107009051,1763
G24003107009052,2293
G24003107010011,3043
G24003107010012,2251
G24003107010013,602
G24003107010021,823
G24003107010022,1988
G24003107010023,954
G24003107010041,1609
G24003107010042,1530
G24003107010043,1518
G24003107010044,1199
G24003107010051,2459
G24003107010052,885
G24003107010061,1499
G24003107010062,2352
G24003107010063,1639
G24003107010071,2542
G24003107010072,719
G24003107011011,774
G24003107011012,1336
G24003107011013,485
G24003107011014,891
G24003107011015,1368
G24003107011021,2006
G24003107011022,2361
G24003107011023,762
G24003107011024,790
G24003107011025,534
G24003107012011,2018
G24003107012012,1966
G24003107012013,1918
G24003107012021,1485
G24003107012022,1279
G24003107012051,2355
G24003107012052,2995
G24003107012053,762
G24003107012054,879
G24003107012061,1615
G24003107012062,1726
G24003107012063,771
G24003107012064,2206
G24003107012101,1019
G24003107012102,1832
G24003107012103,1137
G24003107012111,2231
G24003107012112,3902
G24003107012113,500
G24003107012121,778
G24003107012122,664
G24003107012123,1140
G24003107012131,1403
G24003107012132,1117
G24003107012133,2252
G24003107012134,1080
G24003107012135,1488
G24003107012141,2574
G24003107012142,1293
G24003107012151,751
G24003107012152,999
G24003107012153,2064
G24003107012154,1012
G24003107012161,518
G24003107012162,2058
G24003107012163,1464
G24003107012164,1016
G24003107012181,2531
G24003107012182,0
G24003107012183,521
G24003107012191,4289
G24003107012201,1342
G24003107012202,2479
G24003107012211,1824
G24003107012212,2634
G24003107013031,1225
G24003107013032,2198
G24003107013041,2112
G24003107013042,1034
G24003107013043,1112
G24003107013044,1728
G24003107013061,1373
G24003107013062,1577
G24003107013071,4459
G24003107013081,1499
G24003107013082,1866
G24003107013121,1581
G24003107013122,1635
G24003107013123,2356
G24003107013124,1131
G24003107013131,2019
G24003107013132,1751
G24003107013141,1655
G24003107013142,1502
G24003107013151,1992
G24003107013152,2563
G24003107013161,3317
G24003107013162,3102
G24003107013171,1465
G24003107013172,1625
G24003107013173,1347
G24003107014071,2039
G24003107014072,1128
G24003107014073,2299
G24003107014081,1994
G24003107014082,1101
G24003107014083,1635
G24003107014084,1894
G24003107014091,1153
G24003107014092,1623
G24003107014093,1632
G24003107014101,1357
G24003107014102,4878
G24003107014103,3387
G24003107014141,1874
G24003107014142,1262
G24003107014143,2282
G24003107014144,2270
G24003107014151,1039
G24003107014152,1375
G24003107014153,1165
G24003107014154,983
G24003107014155,3005
G24003107014171,1096
G24003107014172,1578
G24003107014173,1227
G24003107014174,2084
G24003107014181,3492
G24003107014201,2851
G24003107014202,483
G24003107014203,2115
G24003107014204,1575
G24003107014211,1927
G24003107014221,1665
G24003107014222,1235
G24003107014231,1395
G24003107014232,1745
G24003107014233,2032
G24003107015031,1821
G24003107015032,1240
G24003107015033,1679
G24003107015034,1789
G24003107015051,1917
G24003107015052,2211
G24003107015053,3248
G24003107015061,1965
G24003107015062,2558
G24003107015063,594
G24003107015071,2225
G24003107015072,1219
G24003107015073,1657
G24003107015081,1295
G24003107015082,620
G24003107015083,2034
G24003107015091,1392
G24003107015092,1495
G24003107015093,1865
G24003107015094,2045
G24003107016011,2634
G24003107016021,2154
G24003107016022,2096
G24003107016023,734
G24003107016024,2296
G24003107017011,552
G24003107017012,2013
G24003107017013,1049
G24003107017021,2619
G24003107017031,1501
G24003107017032,1009
G24003107017033,1159
G24003107017041,1466
G24003107017042,1552
G24003107018001,1708
G24003107018002,1397
G24003107018003,946
G24003107018004,846
G24003107019001,1584
G24003107019002,972
G24003107019003,693
G24003107020001,1739
G24003107020002,1186
G24003107020003,2265
G24003107021011,2276
G24003107021012,922
G24003107021013,1495
G24003107021014,1481
G24003107021021,1390
G24003107021022,1145
G24003107021023,951
G24003107022001,1577
G24003107022002,741
G24003107022003,1325
G24003107022004,847
G24003107023011,2028
G24003107023012,1633
G24003107023021,1010
G24003107023022,1021
G24003107023023,2112
G24003107024011,894
G24003107024012,1602
G24003107024021,1292
G24003107024022,1189
G24003107024023,2168
G24003107025001,1944
G24003107025002,947
G24003107025003,874
G24003107025004,3713
G24003107026011,923
G24003107026012,1424
G24003107026013,933
G24003107026014,1153
G24003107026021,1041
G24003107026022,4343
G24003107027001,2813
G24003107027002,1189
G24003107027003,910
G24003107027004,2703
G24003107028001,1296
G24003107028002,1854
G24003107028003,945
G24003107028004,1334
G24003107029001,937
G24003107029002,1438
G24003107029003,840
G24003107029004,1551
G24003107029005,484
G24003107030001,737
G24003107030002,1035
G24003107031001,1433
G24003107031002,1030
G24003107031003,1242
G24003107031004,997
G24003107032011,3209
G24003107032012,1988
G24003107032013,1117
G24003107032014,1644
G24003107032021,1643
G24003107032022,1919
G24003107032023,2331
G24003107032061,2065
G24003107032062,1703
G24003107032071,3838
G24003107032072,2278
G24003107032081,1206
G24003107032082,1221
G24003107032083,1464
G24003107032084,1726
G24003107032091,2588
G24003107032092,2318
G24003107032093,1598
G24003107032101,2029
G24003107032102,1276
G24003107032121,908
G24003107032122,2968
G24003107032123,1696
G24003107032124,4062
G24003107032131,1869
G24003107032132,2766
G24003107032133,1386
G24003107032141,2183
G24003107032142,3084
G24003107032143,2778
G24003107032151,2214
G24003107032152,1399
G24003107032161,1118
G24003107032162,2266
G24003107032163,606
G24003107032181,1161
G24003107032182,739
G24003107032191,1441
G24003107032192,926
G24003107032193,1052
G24003107032201,893
G24003107032202,3394
G24003107032203,1225
G24003107032211,1536
G24003107032212,1782
G24003107032213,2215
G24003107033011,1710
G24003107033012,771
G24003107033013,1392
G24003107033014,1280
G24003107033021,1741
G24003107033022,1157
G24003107033023,1711
G24003107034011,2295
G24003107034012,1430
G24003107034013,1090
G24003107034014,741
G24003107034021,1231
G24003107034022,2343
G24003107034031,1575
G24003107034032,967
G24003107034033,1016
G24003107034041,1016
G24003107034042,2137
G24003107035011,1702
G24003107035012,2358
G24003107035013,970
G24003107035014,1514
G24003107035021,1844
G24003107035022,992
G24003107036011,2019
G24003107036012,1501
G24003107036013,1161
G24003107036021,1581
G24003107036022,709
G24003107036023,845
G24003107037011,1247
G24003107037012,1493
G24003107037013,1989
G24003107037021,1230
G24003107037022,686
G24003107037023,1248
G24003107037024,999
G24003107038001,3826
G24003107039011,1258
G24003107039012,1177
G24003107039013,983
G24003107039021,1024
G24003107039022,4258
G24003107039023,1890
G24003107040001,640
G24003107040002,1673
G24003107040003,2029
G24003107040004,2264
G24003107041001,1235
G24003107041002,1413
G24003107041003,1272
G24003107041004,997
G24003107042001,1066
G24003107042002,1203
G24003107043001,1057
G24003107043002,1424
G24003107043003,698
G24003107043004,825
G24003107044011,1748
G24003107044012,1643
G24003107044031,1516
G24003107044041,1652
G24003107044042,1080
G24003107044043,1233
G24003107044044,1377
G24003107045011,552
G24003107045012,1076
G24003107045013,1056
G24003107045014,874
G24003107045021,810
G24003107045022,1771
G24003107045031,1495
G24003107045032,2529
G24003107046001,993
G24003107046002,2081
G24003107046003,912
G24003107046004,869
G24003107047001,609
G24003107047002,690
G24003107047003,1420
G24003107047004,797
G24003107048031,782
G24003107048032,2007
G24003107048033,1096
G24003107048041,1714
G24003107048051,1386
G24003107048052,694
G24003107048061,2098
G24003107048062,1363
G24003107050001,1567
G24003107050002,721
G24003107050003,917
G24003107050004,1566
G24003107051001,1554
G24003107051002,1974
G24003107051003,729
G24003107051004,829
G24003107052001,739
G24003107052002,1144
G24003107052003,1443
G24003107053001,696
G24003107053002,1195
G24003107054001,1274
G24003107054002,1691
G24003107055011,940
G24003107055012,1586
G24003107055021,1730
G24003107055022,826
G24003107055023,1295
G24003107056011,1044
G24003107056012,1082
G24003107056013,744
G24003107056021,1325
G24003107056022,3278
G24003107057011,894
G24003107057012,1015
G24003107057013,1665
G24003107057014,942
G24003107057021,1180
G24003107057022,1921
G24003107057023,1545
G24003107058001,2917
G24003107058002,2085
G24003107058003,1041
G24003107059011,1034
G24003107059012,1811
G24003107059013,1466
G24003107059021,1766
G24003107059022,1072
G24003107059023,1247
G24003107059031,1943
G24003107059032,1379
G24003107059033,1033
G24003107060051,1500
G24003107060052,1129
G24003107060053,1791
G24003107060071,1696
G24003107060072,2916
G24003107060073,2709
G24003107060081,1751
G24003107060082,936
G24003107060083,2654
G24003107060091,2223
G24003107060092,1881
G24003107060093,1345
G24003107060101,2011
G24003107060102,1011
G24003107060111,2172
G24003107060112,1375
G24003107060113,1863
G24003107060121,1008
G24003107060122,1249
G24003107060123,1059
G24003107060131,1411
G24003107060132,1506
G24003308001021,748
G24003308001022,1277
G24003308001023,504
G24003308001031,879
G24003308001032,1376
G24003308001051,732
G24003308001052,1272
G24003308001053,1755
G24003308001061,1112
G24003308001062,1481
G24003308001081,2699
G24003308001082,700
G24003308001091,1681
G24003308001092,1116
G24003308001093,999
G24003308002031,2380
G24003308002032,2054
G24003308002061,1410
G24003308002062,2604
G24003308002081,2451
G24003308002082,3852
G24003308002083,2122
G24003308002091,2751
G24003308002092,1773
G24003308002101,874
G24003308002102,2174
G24003308002111,1234
G24003308002112,2298
G24003308002121,3820
G24003308002122,1133
G24003308002131,1007
G24003308002132,1558
G24003308002133,2201
G24003308002141,434
G24003308002142,2100
G24003308002151,990
G24003308002152,1692
G24003308004011,1135
G24003308004012,1405
G24003308004021,527
G24003308004022,1857
G24003308004023,1689
G24003308004024,861
G24003308004031,2574
G24003308004032,1249
G24003308004081,2810
G24003308004082,2187
G24003308004083,2529
G24003308004091,2403
G24003308004092,1454
G24003308004093,2250
G24003308004101,1392
G24003308004102,2920
G24003308004103,2999
G24003308004111,2314
G24003308004112,1574
G24003308004121,1246
G24003308004122,2464
G24003308004131,2089
G24003308004132,1984
G24003308005041,2095
G24003308005042,1447
G24003308005043,1357
G24003308005051,1170
G24003308005052,1360
G24003308005071,2024
G24003308005072,1058
G24003308005091,1535
G24003308005092,3833
G24003308005093,3242
G24003308005094,1599
G24003308005111,1498
G24003308005112,899
G24003308005113,1233
G24003308005114,1463
G24003308005131,1162
G24003308005132,1170
G24003308005133,2389
G24003308005134,1087
G24003308005141,5912
G24003308005151,1982
G24003308005152,1435
G24003308005153,1079
G24003308005161,1038
G24003308005162,2879
G24003308005171,3214
G24003308005172,2732
G24003308005181,1240
G24003308005182,1327
G24003308005183,1091
G24003308005191,2194
G24003308005192,944
G24003308005193,1191
G24003308005201,1927
G24003308006011,1893
G24003308006041,1594
G24003308006051,1250
G24003308006052,3633
G24003308006061,1644
G24003308006062,2824
G24003308006063,894
G24003308006071,2469
G24003308006072,1206
G24003308006073,2160
G24003308006081,2169
G24003308006082,3772
G24003308007011,5057
G24003308007012,1751
G24003308007041,1775
G24003308007042,1303
G24003308007043,1982
G24003308007051,1658
G24003308007052,2552
G24003308007061,3913
G24003308007071,2933
G24003308008001,1456
G24003308008002,1021
G24003308008003,688
G24003308009001,795
G24003308009002,581
G24003308010031,3938
G24003308010032,1536
G24003308010041,957
G24003308010042,4031
G24003308010051,2039
G24003308010052,1907
G24003308010061,1427
G24003308010062,2372
G24003308011041,0
G24003308011042,0
G24003308011043,2964
G24003308012071,1211
G24003308012072,3042
G24003308012081,1614
G24003308012082,3051
G24003308012091,2886
G24003308012092,1895
G24003308012101,2185
G24003308012102,2059
G24003308012111,1636
G24003308012112,1785
G24003308012121,1139
G24003308012122,1965
G24003308012131,972
G24003308012132,2771
G24003308012141,1341
G24003308012142,2935
G24003308012151,2765
G24003308012161,1554
G24003308012162,716
G24003308012163,1581
G24003308012171,1123
G24003308012172,3042
G24003308013021,1684
G24003308013022,1160
G24003308013051,2893
G24003308013052,2744
G24003308013053,566
G24003308013071,2488
G24003308013072,1264
G24003308013081,1648
G24003308013082,2354
G24003308013091,1552
G24003308013092,1912
G24003308013101,3990
G24003308013102,2196
G24003308013111,2203
G24003308013112,2594
G24003308013113,2846
G24003308013121,1175
G24003308013122,2867
G24003308013131,1457
G24003308013132,1923
G24003308014041,1149
G24003308014042,1436
G24003308014043,2746
G24003308014051,2161
G24003308014052,1870
G24003308014061,511
G24003308014062,2270
G24003308014071,1659
G24003308014072,2094
G24003308014073,1059
G24003308014074,1595
G24003308014081,1799
G24003308014082,1424
G24003308014091,1901
G24003308014092,1397
G24003308014101,1516
G24003308014102,1610
G24003308014111,1228
G24003308014112,2272
G24003308015001,1486
G24003308015002,1146
G24003308016001,585
G24003308016002,715
G24003308016003,1354
G24003308017011,2482
G24003308017012,1919
G24003308017021,606
G24003308017022,3416
G24003308017041,1647
G24003308017042,2568
G24003308017043,1552
G24003308017061,1577
G24003308017071,1797
G24003308017072,1225
G24003308017073,3115
G24003308017081,1835
G24003308017082,1777
G24003308018011,1983
G24003308018021,525
G24003308018022,1998
G24003308018023,1061
G24003308018041,538
G24003308018042,1604
G24003308018051,2212
G24003308018071,1432
G24003308018072,2032
G24003308018073,1256
G24003308018081,1004
G24003308018082,1019
G24003308018083,2225
G24003308019011,960
G24003308019012,1025
G24003308019013,741
G24003308019014,1884
G24003308019041,1602
G24003308019042,1515
G24003308019051,1902
G24003308019052,4087
G24003308019061,580
G24003308019062,1238
G24003308019071,2192
G24003308019072,431
G24003308019081,1750
G24003308019082,1535
G24003308020011,1204
G24003308020012,2941
G24003308020013,1321
G24003308020021,450
G24003308020022,1527
G24003308020023,1653
G24003308021031,1844
G24003308021032,1470
G24003308021041,834
G24003308021042,1066
G24003308021061,1759
G24003308021062,1055
G24003308021063,1155
G24003308021071,1190
G24003308021072,711
G24003308021073,1905
G24003308022011,1046
G24003308022012,1186
G24003308022031,2216
G24003308022032,964
G24003308022033,1267
G24003308022041,1992
G24003308022042,1208
G24003308022043,1476
G24003308022044,1671
G24003308023011,1537
G24003308023012,1762
G24003308023013,760
G24003308024041,1378
G24003308024042,716
G24003308024043,2533
G24003308024051,2196
G24003308024052,1738
G24003308024061,873
G24003308024062,1509
G24003308024071,1686
G24003308024072,1697
G24003308024081,1702
G24003308024082,23
G24003308025011,1243
G24003308025012,1257
G24003308025021,879
G24003308025022,1476
G24003308026001,1937
G24003308026002,1507
G24003308027001,1101
G24003308027002,939
G24003308027003,1159
G24003308028031,3629
G24003308028032,1990
G24003308028041,510
G24003308028042,1639
G24003308028043,1506
G24003308028044,1279
G24003308028051,1046
G24003308028052,1250
G24003308028053,2332
G24003308029011,1861
G24003308029012,815
G24003308029013,1558
G24003308030011,1365
G24003308030012,1758
G24003308030021,1330
G24003308030022,1188
G24003308031001,866
G24003308031002,1808
G24003308032001,1652
G24003308032002,1118
G24003308033001,1723
G24003308033002,921
G24003308033003,714
G24003308033004,916
G24003308034011,582
G24003308034012,596
G24003308034021,2665
G24003308034022,784
G24003308034023,778
G24003308035081,1374
G24003308035082,1927
G24003308035083,1031
G24003308035091,1915
G24003308035092,1052
G24003308035121,2328
G24003308035122,2912
G24003308035123,1824
G24003308035131,1101
G24003308035132,1148
G24003308035133,2291
G24003308035141,2505
G24003308035142,2061
G24003308035161,4205
G24003308035162,677
G24003308035191,2659
G24003308035192,643
G24003308035193,2702
G24003308035201,927
G24003308035202,1802
G24003308035203,1785
G24003308035211,6219
G24003308035221,555
G24003308035222,1830
G24003308035223,1150
G24003308035231,1456
G24003308035232,2423
G24003308035241,1956
G24003308035242,2391
G24003308035251,845
G24003308035252,1376
G24003308035261,1761
G24003308035262,1664
G24003308035271,1789
G24003308035272,1507
G24003308036011,2581
G24003308036012,913
G24003308036021,1401
G24003308036022,1115
G24003308036051,1050
G24003308036052,2038
G24003308036053,1128
G24003308036054,2774
G24003308036061,1066
G24003308036062,1552
G24003308036063,1573
G24003308036064,1490
G24003308036071,1326
G24003308036072,908
G24003308036073,1371
G24003308036081,1104
G24003308036082,1300
G24003308036083,1436
G24003308036084,2217
G24003308036101,1596
G24003308036102,1991
G24003308036121,1396
G24003308036122,1624
G24003308036131,1930
G24003308036132,1854
G24003308036133,2127
G24003308037001,1308
G24003308037002,1366
G24003308038011,2423
G24003308038031,2084
G24003308038032,1612
G24003308038033,2192
G24003308039001,1091
G24003308039002,730
G24003308039003,1843
G24003308040011,1969
G24003308040012,978
G24003308040013,2096
G24003308040021,2218
G24003308040022,2169
G24003308041011,1497
G24003308041012,2067
G24003308041021,1396
G24003308041022,2371
G24003308041023,2136
G24003308042001,705
G24003308042002,993
G24003308042003,1380
G24003308043001,1184
G24003308043002,2448
G24003308044001,1398
G24003308044002,1269
G24003308046001,1788
G24003308046002,1567
G24003308047001,1372
G24003308047002,1582
G24003308047003,503
G24003308048011,1631
G24003308048012,1089
G24003308048021,1632
G24003308048022,1169
G24003308049001,1578
G24003308049002,1394
G24003308049003,983
G24003308050001,854
G24003308050002,2287
G24003308050003,3232
G24003308051011,2181
G24003308051012,1773
G24003308052011,2200
G24003308052012,2851
G24003308052021,971
G24003308052022,2760
G24003308055001,2009
G24003308055002,1416
G24003308056011,1761
G24003308056012,1475
G24003308056013,3553
G24003308056021,3728
G24003308056022,1793
G24003308057001,1946
G24003308057002,1547
G24003308057003,2205
G24003308058011,3136
G24003308058012,1379
G24003308058021,2468
G24003308058022,1617
G24003308059041,2532
G24003308059042,869
G24003308059061,1609
G24003308059062,1719
G24003308059071,1009
G24003308059072,2273
G24003308059073,739
G24003308059081,1642
G24003308059082,511
G24003308059091,1558
G24003308059092,3141
G24003308060001,2326
G24003308060002,2621
G24003308061001,1796
G24003308061002,1482
G24003308061003,899
G24003308062001,2296
G24003308062002,1613
G24003308063001,1757
G24003308063002,951
G24003308064001,1270
G24003308064002,1346
G24003308064003,850
G24003308065011,981
G24003308065012,1221
G24003308065013,3234
G24003308066011,939
G24003308066012,1215
G24003308066013,2040
G24003308066021,3185
G24003308066022,1150
G24003308066023,1206
G24003308067061,1110
G24003308067062,645
G24003308067063,1798
G24003308067081,871
G24003308067082,2092
G24003308067083,1619
G24003308067101,909
G24003308067102,2295
G24003308067103,1904
G24003308067111,765
G24003308067112,580
G24003308067113,4151
G24003308067121,1589
G24003308067122,1451
G24003308067131,2882
G24003308067132,964
G24003308067141,2607
G24003308067142,1957
G24003308068001,1714
G24003308068002,1543
G24003308068003,938
G24003308069001,2552
G24003308069002,1523
G24003308069003,1329
G24003308070001,1346
G24003308070002,1920
G24003308070003,672
G24003308070004,2966
G24003308071021,1272
G24003308071022,1230
G24003308072001,2895
G24003308072002,4650
G24003308072003,5250
G24003308072004,1142
G24003308073011,1820
G24003308073012,1752
G24003308073041,2139
G24003308073051,1586
G24003308073052,1716
G24003308074041,1573
G24003308074042,2140
G24003308074043,1781
G24003308074051,1836
G24003308074052,1632
G24003308074053,2094
G24003308074071,2783
G24003308074072,1354
G24003308074073,1738
G24003308074081,2554
G24003308074082,1769
G24003308074083,1742
G24003308074091,3581
G24003308074092,669
G24003308074101,2702
G24003308074102,1508
G24003508101001,1404
G24003508101002,1745
G24003508102001,1255
G24003508102002,1419
G24003508103001,2243
G24003508103002,2350
G24003508104001,1840
G24003508104002,3625
G24003508104003,663
G24003508105001,2610
G24003508105002,2764
G24003508106001,1496
G24003508106002,942
G24003508106003,2714
G24003508107001,2327
G24003508107002,1704
G24003508108001,2341
G24003508108002,1426
G24003508108003,2086
G24003508109011,1992
G24003508109012,3297
G24003508109021,1719
G24003508109022,1263
G24003508110001,1438
G24003508110002,2692
G24003509900000,0
G24003509901000,0
G24003509902000,0
G24003708750001,1087
G24003708750002,958
G24003708750003,4333
G24003708751001,902
G24003708751002,2026
G24003708751003,2798
G24003708752011,3829
G24003708752012,1256
G24003708752021,2097
G24003708752022,2193
G24003708752023,1833
G24003708753001,1122
G24003708753002,1120
G24003708753003,750
G24003708754001,2090
G24003708754002,2462
G24003708754003,1029
G24003708754004,839
G24003708755001,1197
G24003708755002,3300
G24003708755003,7118
G24003708756001,2808
G24003708756002,2550
G24003708756003,1225
G24003708756004,1304
G24003708756005,723
G24003708757001,1689
G24003708757002,2466
G24003708757003,3283
G24003708758011,1459
G24003708758012,93
G24003708758021,1090
G24003708758022,1869
G24003708758023,1339
G24003708759011,2256
G24003708759012,976
G24003708759013,3738
G24003708759021,3054
G24003708759022,3084
G24003708759023,2534
G24003708760011,2142
G24003708760012,1481
G24003708760013,1977
G24003708760021,1086
G24003708760022,1101
G24003708760023,5939
G24003708760024,1719
G24003708761001,2921
G24003708761002,1946
G24003708761003,1281
G24003708761004,1370
G24003708762001,719
G24003708762002,1938
G24003708762003,2668
G24003708762004,1364
G24003709900000,0
G24003909301011,2943
G24003909301012,2443
G24003909301013,1539
G24003909301021,2758
G24003909301022,1102
G24003909302001,564
G24003909302002,1115
G24003909303001,741
G24003909303002,569
G24003909303003,938
G24003909305001,614
G24003909305002,884
G24003909305003,1246
G24003909305004,992
G24003909305005,487
G24003909306001,751
G24003909306002,700
G24003909306003,1403
G24003909804001,3948
G24003909901000,0
G24004109601001,1814
G24004109601002,2283
G24004109602011,637
G24004109602012,772
G24004109602013,1865
G24004109602014,665
G24004109603001,2190
G24004109603002,1676
G24004109604001,893
G24004109604002,1162
G24004109604003,810
G24004109604004,2402
G24004109605011,2953
G24004109605012,1781
G24004109605021,743
G24004109605022,3082
G24004109606001,1737
G24004109607001,556
G24004109607002,1259
G24004109607003,1011
G24004109607004,625
G24004109608001,1203
G24004109608002,819
G24004109609001,1056
G24004109609002,621
G24004109609003,1287
G24004109609004,1309
G24004109900000,0
G24004300001001,2056
G24004300001002,1237
G24004300002001,1133
G24004300002002,1246
G24004300002003,1265
G24004300003011,1244
G24004300003012,1836
G24004300003021,807
G24004300003022,2023
G24004300004001,436
G24004300004002,611
G24004300004003,592
G24004300005001,1302
G24004300005002,1104
G24004300005003,3127
G24004300006011,1751
G24004300006012,740
G24004300006021,2292
G24004300006022,934
G24004300007001,761
G24004300007002,1448
G24004300007003,730
G24004300008001,1055
G24004300008002,1295
G24004300008003,1049
G24004300009001,1217
G24004300009002,1513
G24004300009003,1046
G24004300010011,663
G24004300010012,690
G24004300010013,2282
G24004300010014,1700
G24004300010021,836
G24004300010022,1760
G24004300010023,1331
G24004300101001,966
G24004300102001,1134
G24004300102002,810
G24004300102003,1172
G24004300102004,1172
G24004300103001,1333
G24004300103002,2989
G24004300103003,3340
G24004300104001,1281
G24004300104002,1871
G24004300104003,2790
G24004300104004,2492
G24004300105001,1715
G24004300105002,878
G24004300105003,2307
G24004300105004,1412
G24004300106001,2618
G24004300106002,851
G24004300106003,830
G24004300106004,888
G24004300107001,672
G24004300107002,2003
G24004300107003,782
G24004300108011,1741
G24004300108012,2800
G24004300108021,1840
G24004300108022,916
G24004300109001,3392
G24004300109002,1707
G24004300109003,1551
G24004300109004,1773
G24004300110001,2974
G24004300110002,0
G24004300110003,3506
G24004300111001,1378
G24004300111002,2145
G24004300111003,1029
G24004300111004,1736
G24004300112011,3091
G24004300112012,1273
G24004300112013,1650
G24004300112014,3626
G24004300112021,2528
G24004300112022,946
G24004300112023,1067
G24004300113011,1139
G24004300113012,643
G24004300113013,3176
G24004300113021,1654
G24004300113022,1153
G24004300113023,1211
G24004300114001,2789
G24004300114002,1793
G24004300114003,1311
G24004300115001,2564
G24004300115002,3026
G24004300115003,1691
G24004300115004,526
G24004300116001,2418
G24004300116002,630
G24004500001001,773
G24004500001002,2652
G24004500001003,946
G24004500001004,469
G24004500001005,1458
G24004500002001,1076
G24004500002002,666
G24004500003001,547
G24004500003002,904
G24004500004001,1069
G24004500004002,563
G24004500004003,1393
G24004500004004,862
G24004500005001,675
G24004500005002,1483
G24004500005003,1003
G24004500101011,1270
G24004500101012,1380
G24004500101013,1829
G24004500101014,597
G24004500101015,1064
G24004500101021,2448
G24004500101022,1165
G24004500102001,1739
G24004500102002,751
G24004500102003,1534
G24004500102004,584
G24004500102005,809
G24004500103001,3185
G24004500103002,919
G24004500103003,1897
G24004500103004,2318
G24004500104001,1428
G24004500104002,2837
G24004500104003,2012
G24004500104004,522
G24004500105011,3202
G24004500105012,1371
G24004500105013,883
G24004500105021,1685
G24004500105022,4966
G24004500105023,1685
G24004500105024,1328
G24004500106031,1955
G24004500106032,1641
G24004500106033,2059
G24004500106034,1376
G24004500106041,970
G24004500106042,1121
G24004500106043,1949
G24004500106044,998
G24004500106051,797
G24004500106052,961
G24004500106053,2497
G24004500106061,1644
G24004500106062,991
G24004500106063,855
G24004500106064,800
G24004500107011,904
G24004500107012,1873
G24004500107013,1620
G24004500107021,1322
G24004500107022,1479
G24004500107023,1837
G24004500107024,963
G24004500107025,862
G24004500107026,2103
G24004500108001,2210
G24004500108002,2295
G24004500108003,1021
G24004500108004,1122
G24004709500001,473
G24004709500002,1266
G24004709501001,1381
G24004709501002,727
G24004709501003,193
G24004709503001,336
G24004709503002,817
G24004709503003,1176
G24004709503004,718
G24004709504001,2406
G24004709504002,490
G24004709506001,825
G24004709506002,1051
G24004709506003,1166
G24004709507001,637
G24004709507002,1780
G24004709508001,1246
G24004709508002,803
G24004709508003,1341
G24004709508004,1515
G24004709509001,829
G24004709509002,1064
G24004709510001,1990
G24004709510002,857
G24004709510003,1892
G24004709511001,1780
G24004709511002,2390
G24004709511003,2830
G24004709512001,1438
G24004709512002,986
G24004709512003,965
G24004709513001,1074
G24004709513002,1621
G24004709514001,1005
G24004709514002,1058
G24004709514003,1322
G24004709515001,280
G24004709515002,1344
G24004709515003,527
G24004709515004,733
G24004709515005,535
G24004709515006,1076
G24004709517001,1630
G24004709517002,743
G24004709517003,806
G24004709517004,442
G24004709800001,0
G24004709900000,0
G24051000101001,1133
G24051000101002,814
G24051000101003,1075
G24051000102001,810
G24051000102002,525
G24051000102003,1128
G24051000102004,406
G24051000103001,929
G24051000103002,1642
G24051000104001,814
G24051000104002,1664
G24051000105001,958
G24051000105002,1018
G24051000201001,687
G24051000201002,1026
G24051000202001,677
G24051000202002,1158
G24051000203001,1539
G24051000203002,1074
G24051000203003,1264
G24051000301001,1406
G24051000301002,1290
G24051000302001,1237
G24051000302002,1090
G24051000401001,2146
G24051000401002,2258
G24051000402001,901
G24051000601001,606
G24051000601002,1072
G24051000601003,680
G24051000601004,616
G24051000602001,441
G24051000602002,608
G24051000602003,922
G24051000602004,848
G24051000602005,422
G24051000603001,847
G24051000603002,1018
G24051000604001,526
G24051000604002,850
G24051000701001,1240
G24051000701002,1325
G24051000702001,620
G24051000702002,547
G24051000702003,893
G24051000702004,571
G24051000702005,397
G24051000703001,533
G24051000703002,323
G24051000704001,330
G24051000704002,384
G24051000704003,832
G24051000801011,830
G24051000801012,979
G24051000801013,1550
G24051000801014,617
G24051000801021,764
G24051000801022,1341
G24051000802001,274
G24051000802002,406
G24051000802003,594
G24051000803011,276
G24051000803012,741
G24051000803013,679
G24051000803021,541
G24051000803022,507
G24051000803023,633
G24051000803024,1034
G24051000804001,717
G24051000804002,563
G24051000805001,564
G24051000805002,289
G24051000805003,626
G24051000806001,725
G24051000806002,677
G24051000806003,277
G24051000806004,440
G24051000807001,410
G24051000807002,336
G24051000808001,233
G24051000808002,1313
G24051000901001,1329
G24051000901002,748
G24051000901003,657
G24051000901004,572
G24051000901005,830
G24051000902001,1411
G24051000902002,1492
G24051000903001,429
G24051000903002,1096
G24051000903003,636
G24051000903004,2281
G24051000904001,1057
G24051000904002,727
G24051000905001,530
G24051000905002,1335
G24051000906001,1462
G24051000906002,354
G24051000906003,347
G24051000906004,954
G24051000907001,1558
G24051000907002,440
G24051000907003,757
G24051000907004,277
G24051000908001,491
G24051000908002,601
G24051000908003,439
G24051000908004,1168
G24051000908005,203
G24051000909001,562
G24051000909002,346
G24051000909003,325
G24051000909004,1233
G24051001001001,1267
G24051001001002,403
G24051001001003,196
G24051001001004,367
G24051001002001,663
G24051001002002,1239
G24051001002003,820
G24051001003001,3676
G24051001101001,1798
G24051001101002,1343
G24051001102001,2287
G24051001102002,1558
G24051001102003,1861
G24051001201001,1485
G24051001201002,833
G24051001201003,849
G24051001201004,1476
G24051001202011,1289
G24051001202012,928
G24051001202021,989
G24051001202022,563
G24051001202023,1922
G24051001202024,1829
G24051001202025,672
G24051001203001,1197
G24051001203002,837
G24051001203003,836
G24051001203004,1350
G24051001204001,839
G24051001204002,904
G24051001205001,974
G24051001205002,1301
G24051001206001,756
G24051001206002,1285
G24051001206003,650
G24051001207001,626
G24051001207002,747
G24051001207003,886
G24051001301001,413
G24051001301002,860
G24051001301003,882
G24051001301004,573
G24051001302001,876
G24051001302002,539
G24051001302003,487
G24051001302004,821
G24051001303001,797
G24051001303002,652
G24051001303003,998
G24051001304001,691
G24051001304002,761
G24051001304003,604
G24051001306001,1082
G24051001306002,719
G24051001306003,737
G24051001306004,1040
G24051001307001,724
G24051001307002,780
G24051001307003,377
G24051001307004,513
G24051001307005,1230
G24051001307006,1133
G24051001308031,522
G24051001308032,1044
G24051001308033,891
G24051001308041,1034
G24051001308042,948
G24051001308051,943
G24051001308061,1437
G24051001401001,1053
G24051001401002,971
G24051001401003,984
G24051001401004,1447
G24051001402001,1079
G24051001402002,779
G24051001402003,327
G24051001402004,282
G24051001403001,665
G24051001403002,491
G24051001403003,589
G24051001403004,608
G24051001501001,414
G24051001501002,944
G24051001501003,834
G24051001502001,979
G24051001502002,699
G24051001502003,1074
G24051001503001,630
G24051001503002,1019
G24051001503003,652
G24051001504001,727
G24051001504002,980
G24051001504003,2276
G24051001505001,719
G24051001505002,717
G24051001506001,897
G24051001506002,446
G24051001506003,297
G24051001506004,479
G24051001506005,1010
G24051001507011,343
G24051001507012,452
G24051001507013,778
G24051001507021,833
G24051001507022,962
G24051001507023,369
G24051001508001,766
G24051001508002,786
G24051001508003,1897
G24051001508004,659
G24051001508005,787
G24051001508006,307
G24051001509001,1452
G24051001509002,859
G24051001509003,615
G24051001509004,433
G24051001510001,508
G24051001510002,847
G24051001510003,512
G24051001510004,468
G24051001510005,1291
G24051001510006,541
G24051001510007,792
G24051001511001,1040
G24051001511002,1766
G24051001511003,898
G24051001511004,671
G24051001511005,668
G24051001511006,1439
G24051001512001,1669
G24051001512002,580
G24051001512003,958
G24051001512004,420
G24051001512005,752
G24051001513001,1466
G24051001513002,571
G24051001513003,369
G24051001513004,564
G24051001513005,1157
G24051001601001,169
G24051001601002,335
G24051001601003,998
G24051001601004,566
G24051001602001,1024
G24051001602002,598
G24051001602003,567
G24051001603001,562
G24051001603002,528
G24051001604001,263
G24051001604002,677
G24051001604003,565
G24051001604004,826
G24051001605001,1379
G24051001605002,903
G24051001605003,560
G24051001605004,867
G24051001605005,630
G24051001606001,718
G24051001606002,876
G24051001606003,611
G24051001606004,542
G24051001606005,656
G24051001607001,305
G24051001607002,942
G24051001607003,468
G24051001607004,832
G24051001607005,584
G24051001607006,419
G24051001607007,774
G24051001608011,1187
G24051001608012,543
G24051001608013,444
G24051001608014,766
G24051001608021,880
G24051001608022,1269
G24051001608023,1265
G24051001701001,1015
G24051001701002,619
G24051001702001,1804
G24051001702002,685
G24051001702003,482
G24051001703001,876
G24051001703002,823
G24051001801001,1069
G24051001801002,956
G24051001802001,398
G24051001802002,550
G24051001803001,553
G24051001803002,972
G24051001901001,369
G24051001901002,786
G24051001901003,976
G24051001902001,809
G24051001902002,1077
G24051001903001,431
G24051001903002,637
G24051001903003,539
G24051001903004,895
G24051002001001,710
G24051002001002,1123
G24051002002001,425
G24051002002002,386
G24051002002003,432
G24051002002004,620
G24051002002005,482
G24051002003001,333
G24051002003002,1184
G24051002004001,749
G24051002004002,875
G24051002005001,190
G24051002005002,895
G24051002005003,325
G24051002005004,501
G24051002005005,955
G24051002006001,640
G24051002006002,650
G24051002006003,1002
G24051002007011,1112
G24051002007012,1080
G24051002007013,854
G24051002007014,1201
G24051002007015,658
G24051002007021,282
G24051002007022,807
G24051002008001,750
G24051002008002,856
G24051002008003,522
G24051002101001,817
G24051002101002,1715
G24051002102001,1671
G24051002102002,1822
G24051002201001,1128
G24051002201002,2005
G24051002201003,200
G24051002201004,1002
G24051002301001,1022
G24051002301002,806
G24051002302001,820
G24051002302002,1224
G24051002303001,290
G24051002303002,1141
G24051002401001,2512
G24051002401002,777
G24051002402001,2130
G24051002402002,814
G24051002403001,883
G24051002403002,605
G24051002403003,597
G24051002404001,1119
G24051002404002,479
G24051002404003,1071
G24051002501011,1491
G24051002501012,2849
G24051002501021,1077
G24051002501022,2159
G24051002501031,1418
G24051002501032,610
G24051002501033,778
G24051002501034,605
G24051002502031,1146
G24051002502032,832
G24051002502041,1629
G24051002502042,2612
G24051002502051,31
G24051002502052,1443
G24051002502053,884
G24051002502054,903
G24051002502055,745
G24051002502061,610
G24051002502062,939
G24051002502063,667
G24051002502071,1050
G24051002502072,1258
G24051002503011,897
G24051002503012,1458
G24051002503031,667
G24051002503032,1195
G24051002503033,508
G24051002504011,1629
G24051002504012,725
G24051002504013,1251
G24051002504021,902
G24051002504022,605
G24051002504023,997
G24051002504024,1947
G24051002505001,0
G24051002505002,35
G24051002505003,1408
G24051002505004,969
G24051002505005,2005
G24051002506001,0
G24051002601011,951
G24051002601012,818
G24051002601013,1235
G24051002601014,860
G24051002601015,1133
G24051002601021,1062
G24051002601022,557
G24051002601023,766
G24051002601024,559
G24051002601025,1681
G24051002602011,1061
G24051002602012,1934
G24051002602013,599
G24051002602014,2105
G24051002602021,76
G24051002602022,2189
G24051002602023,1742
G24051002602024,1522
G24051002602031,2143
G24051002602032,984
G24051002603011,919
G24051002603012,972
G24051002603013,859
G24051002603014,990
G24051002603015,1140
G24051002603021,1138
G24051002603022,958
G24051002603023,958
G24051002603024,1734
G24051002603025,535
G24051002603026,1663
G24051002603031,912
G24051002604011,663
G24051002604012,2592
G24051002604013,455
G24051002604021,1552
G24051002604022,1686
G24051002604031,1553
G24051002604032,128
G24051002604041,0
G24051002604042,667
G24051002604043,1585
G24051002605011,2826
G24051002605012,1460
G24051002605013,1223
G24051002606041,603
G24051002606042,249
G24051002606043,638
G24051002606051,1218
G24051002606052,1613
G24051002606053,1092
G24051002606054,557
G24051002606055,141
G24051002606056,64
G24051002607001,1626
G24051002607002,1258
G24051002608001,1165
G24051002608002,1362
G24051002609001,700
G24051002609002,923
G24051002609003,1516
G24051002610001,201
G24051002610002,918
G24051002610003,797
G24051002610004,887
G24051002611001,750
G24051002611002,1042
G24051002701011,873
G24051002701012,638
G24051002701021,729
G24051002701022,1344
G24051002701023,646
G24051002701024,986
G24051002702001,625
G24051002702002,791
G24051002702003,466
G24051002703011,476
G24051002703012,951
G24051002703013,771
G24051002703014,975
G24051002703021,976
G24051002703022,940
G24051002704011,2162
G24051002704012,1376
G24051002704013,1246
G24051002704014,841
G24051002704021,716
G24051002704022,557
G24051002704023,629
G24051002704024,1709
G24051002705011,598
G24051002705012,786
G24051002705013,1022
G24051002705014,1724
G24051002705021,734
G24051002705022,1330
G24051002705023,889
G24051002705024,1308
G24051002706001,648
G24051002706002,1112
G24051002706003,714
G24051002706004,1194
G24051002706005,901
G24051002706006,411
G24051002707011,2468
G24051002707021,741
G24051002707022,624
G24051002707023,590
G24051002707031,1057
G24051002707032,900
G24051002707033,672
G24051002708011,715
G24051002708012,976
G24051002708013,1296
G24051002708014,1196
G24051002708021,1141
G24051002708022,1227
G24051002708023,1023
G24051002708024,1333
G24051002708025,481
G24051002708031,2784
G24051002708032,1841
G24051002708033,2221
G24051002708041,1176
G24051002708042,654
G24051002708043,454
G24051002708044,825
G24051002708051,1138
G24051002708052,1157
G24051002708053,778
G24051002708054,838
G24051002708055,1401
G24051002709011,1353
G24051002709012,1329
G24051002709013,1666
G24051002709021,2060
G24051002709022,2133
G24051002709023,1170
G24051002709031,2033
G24051002709032,2083
G24051002709033,694
G24051002710011,821
G24051002710012,777
G24051002710013,881
G24051002710021,1617
G24051002710022,662
G24051002710023,370
G24051002710024,683
G24051002710025,871
G24051002711011,1060
G24051002711012,51
G24051002711013,890
G24051002711021,3805
G24051002711022,700
G24051002712001,818
G24051002712002,1262
G24051002712003,683
G24051002712004,1475
G24051002712005,1013
G24051002712006,1183
G24051002713001,1178
G24051002713002,536
G24051002713003,861
G24051002714001,887
G24051002714002,1376
G24051002714003,1777
G24051002715011,576
G24051002715012,397
G24051002715013,851
G24051002715014,957
G24051002715015,1381
G24051002715031,850
G24051002716001,730
G24051002716002,518
G24051002716003,951
G24051002716004,1023
G24051002716005,461
G24051002716006,627
G24051002717001,520
G24051002717002,601
G24051002717003,1024
G24051002717004,1305
G24051002717005,768
G24051002717006,595
G24051002718011,452
G24051002718012,813
G24051002718013,1637
G24051002718021,521
G24051002718022,410
G24051002718023,466
G24051002718024,1170
G24051002719001,913
G24051002719002,593
G24051002719003,669
G24051002719004,640
G24051002719005,1000
G24051002720031,763
G24051002720032,1154
G24051002720033,1230
G24051002720034,1863
G24051002720035,1112
G24051002720041,1562
G24051002720042,2336
G24051002720051,1708
G24051002720052,557
G24051002720053,1130
G24051002720061,2615
G24051002720062,919
G24051002720071,2439
G24051002720072,826
G24051002720073,1370
G24051002801011,1458
G24051002801012,1487
G24051002801013,924
G24051002801021,431
G24051002801022,1287
G24051002801023,228
G24051002801024,1916
G24051002801025,1841
G24051002801026,474
G24051002802001,1137
G24051002802002,806
G24051002802003,372
G24051002802004,701
G24051002802005,823
G24051002802006,1121
G24051002803011,1033
G24051002803012,862
G24051002803013,1954
G24051002803021,1288
G24051002803022,1176
G24051002804011,685
G24051002804012,606
G24051002804013,700
G24051002804014,979
G24051002804015,509
G24051002804021,476
G24051002804022,1158
G24051002804031,704
G24051002804032,981
G24051002804033,2637
G24051002804034,449
G24051002804035,493
G24051002804041,2549
G24051002804042,263
G24051002805001,849
G24051002805002,534
G24051002805003,417
G24051002805004,438
