GISJOIN,Shape_Area,fld_area,perc_fld_area
G24000307301003,18767129.5795,496.697998,2.6466380801385888e-05
G24000307501021,657493.7461439999,11306.0996094,0.0171957523181122
G24000307502012,2469091.74669,1255.5699463,0.0005085149014746
G24000307503001,1989940.4733800003,8326.9804688,0.0041845374674229
G24000307512003,18490286.2786,36346.7001953,0.0019657186291034
G24000504001002,419841.12695699994,4743.4300537,0.0112981548236598
G24000504001003,460366.485637,15016.016616799998,0.0326175277421044
G24000504005001,5796995.940649998,89461.9804687,0.0154324725055213
G24000504006001,164545.711195,14.3269997,8.707002811529584e-05
G24000504006002,311779.0439039999,38911.7761841,0.1248056177761625
G24000504006003,492545.611848,39777.3007813,0.0807586136684034
G24000504007012,949882.550435,34258.69921879999,0.0360662475619866
G24000504008001,927377.264709,1605.3599854,0.0017310754171914
G24000504008002,545498.1130890001,4271.3798828,0.0078302376860891
G24000504010002,767552.7567239999,6460.1601563,0.0084165682419963
G24000504011011,665792.9602670001,7824.620117199999,0.0117523323077223
G24000504011013,868279.091339,16533.5,0.0190416885134285
G24000504011014,518509.8351989999,2810.8200684,0.0054209580563138
G24000504011021,3464317.35904,461899.1651917,0.1333304998707443
G24000504012001,846644.5406039999,6137.6620232999985,0.0072493965636645
G24000504012002,1108551.5815,67588.4370118,0.0609700424768191
G24000504013011,509788.25140000007,12635.2566719,0.0247853037750489
G24000504014001,2871557.55078,147701.7385254,0.0514361059855059
G24000504015033,937979.381185,19184.6201172,0.0204531362863894
G24000504015034,1709860.70441,37825.1992188,0.0221218015720478
G24000504015061,2003782.68335,1761.4300537,0.0008790524383388
G24000504015071,1634356.67722,92231.8839435,0.0564331429173613
G24000504015072,667271.1640049999,6227.0,0.0093320382116097
G24000504022011,9560620.16939,148272.3984375,0.0155086590420378
G24000504022012,32919004.6235,216222.7529297,0.0065683259686213
G24000504022021,20888856.09319999,492180.2700195,0.0235618584293718
G24000504023022,1784547.49244,79249.6015625,0.0444087937688576
G24000504023041,469728.6929450001,867.026001,0.0018458016596008
G24000504023051,773773.2445879999,149962.317749,0.1938065431932172
G24000504023052,836549.1857049998,213845.4011231,0.2556280070285195
G24000504023062,405119.773126,66325.8984375,0.1637192327733442
G24000504023071,376445.811365,7299.009765600001,0.0193892707668432
G24000504023072,1293511.44827,57708.30078130001,0.0446136760973253
G24000504023073,565473.522238,19045.0,0.0336797378675216
G24000504024031,467686.73999,66741.69091800001,0.142705972205727
G24000504024032,1652320.30965,397559.6369324,0.240606881492979
G24000504024042,583249.5383469999,12333.4003906,0.0211460096917596
G24000504024051,343456.849306,3459.6800537000004,0.0100731141646781
G24000504024052,1069162.55634,6457.3503418,0.0060396338269692
G24000504024071,2114660.53209,7950.990234299999,0.0037599369324974
G24000504024072,4376425.87731,156876.0,0.0358456887875877
G24000504025032,3614515.0955,111297.0,0.0307916821646595
G24000504025033,219641.928835,16241.799804700002,0.0739467181464301
G24000504025041,2396732.1822099993,20698.9003906,0.0086363009368505
G24000504025042,5576071.39538,284830.0,0.0510807663323667
G24000504025051,514371.702763,10662.4003906,0.0207289793223962
G24000504025052,740273.4663879997,8697.0595703,0.0117484415762398
G24000504025061,933043.953219,44768.6992188,0.0479813400690804
G24000504025062,1359483.2323,72113.0,0.0530444203258011
G24000504025091,2176603.04459,70148.796875,0.0322285669173148
G24000504025092,679682.5750340002,33192.30078129999,0.0488350032802291
G24000504025093,832163.2705429997,72716.296875,0.087382247509616
G24000504026032,3511385.8854800006,223851.9381104,0.0637503098238375
G24000504026033,1952264.53151,254144.6992188,0.130179437835829
G24000504026041,1602896.2405,104531.8432617,0.0652143542548286
G24000504026042,1538925.30214,129540.0,0.0841756255614643
G24000504026043,488538.931908,79889.1015625,0.1635265817004415
G24000504031001,1144447.6142,149614.9346618,0.1307311342218009
G24000504031002,769152.361816,106794.8233032,0.1388474229618863
G24000504032011,1326934.92202,8492.5703125,0.0064001407842757
G24000504032012,437596.748258,16938.6992188,0.0387084668390022
G24000504032021,1165727.6032900002,22175.0646325,0.0190225096925867
G24000504033002,1153192.64193,233728.4234314,0.2026794266049328
G24000504034011,1017056.6557600003,11520.7998047,0.0113275890182253
G24000504034012,796665.947644,2413.9540596,0.0030300705919951
G24000504035001,1069902.0127200002,8969.5498047,0.0083835245639895
G24000504036013,1719591.64349,61904.3598633,0.0359994537643029
G24000504036021,1381303.7675000003,6488.2700195,0.0046972072126053
G24000504037013,1889166.36035,30174.699218799997,0.0159724944568723
G24000504037014,5233647.726059999,64954.5,0.0124109423101923
G24000504037015,2216843.3619,124708.0,0.0562547639329447
G24000504037021,3571316.7456899993,340002.540039,0.0952036921534131
G24000504037022,2761614.8418099997,415719.3786239,0.1505348871718229
G24000504038011,11267826.8774,923093.0,0.0819228951637034
G24000504038021,4249275.510899999,129675.0,0.0305169668729092
G24000504038022,5433306.8852,388448.0,0.071493844947008
G24000504038031,3487902.84638,12615.7001953,0.0036169872702714
G24000504038032,2288326.5670899996,206297.0,0.0901519053123357
G24000504041011,8358873.504999997,150050.621994,0.0179510578673364
G24000504041012,4489752.3812299995,431144.0,0.0960284584518411
G24000504041022,2385543.52647,143397.417717,0.0601110045261642
G24000504042011,587932.1906849998,22459.5,0.0382008339666389
G24000504042012,702014.1785769999,46101.8984375,0.0656708936149262
G24000504042013,1112908.39412,159526.9496612,0.1433423905364118
G24000504042021,2482846.3732999996,228068.0913086,0.0918575123137684
G24000504042023,921215.2509630002,195076.7402345,0.2117602156831151
G24000504042024,2147929.8408799996,75944.2979739,0.035356973271895
G24000504044021,5158760.45958,102330.4980469,0.0198362569552669
G24000504044022,1330441.00712,813.1770019999999,0.0006112086125188
G24000504044023,4392861.41348,34000.4774056,0.0077399385515021
G24000504044031,1187238.0581400003,28349.5,0.0238785303466552
G24000504044032,1114797.6703100002,4655.9501953,0.0041764979594954
G24000504044042,2449881.9338299995,50263.6015625,0.0205167444473215
G24000504045014,649255.52899,126823.9898681,0.1953375584885521
G24000504045021,482089.398952,5281.2001953,0.0109548150338519
G24000504045023,304829.51094,25056.4003906,0.082198079553826
G24000504046001,24486974.8274,455175.4960938,0.0185884740480263
G24000504046002,38993690.48099999,2570140.0,0.0659116890013865
G24000504048001,14994459.798099998,218630.5,0.0145807520206698
G24000504048002,8613759.09404,76157.796875,0.0088414124476379
G24000504049001,5078524.20315,27174.237915,0.0053508139034062
G24000504049002,12262106.907900002,636339.0,0.051894752246046
G24000504049003,8726460.45934,231181.0,0.0264919552523228
G24000504050001,68678795.8814,2260887.4743117997,0.0329197308324403
G24000504050002,55533749.9718,2148297.0,0.0386845296975425
G24000504060001,37123239.5273,496521.5,0.013374950740354
G24000504060002,18870470.6512,826637.0,0.0438058496409273
G24000504060003,29065768.4351,876119.0,0.0301426401973943
G24000504060004,10713618.0394,425289.0,0.0396961137158309
G24000504070011,28773111.4781,225397.0913086,0.0078336015720842
G24000504070012,21343826.3135,1055753.0200195,0.0494640934812955
G24000504070021,18499140.3886,1089410.0,0.0588897633682126
G24000504070022,45882436.8941,2551798.2149964,0.055616013179207
G24000504070023,32983371.62840001,1388915.6015625,0.0421095701558474
G24000504081001,11539576.4721,1001240.0,0.0867657493687714
G24000504081002,8096329.017929999,494987.796875,0.0611373124509648
G24000504081003,1635107.5987900004,43335.8007813,0.0265033327552076
G24000504081004,5002134.68,66163.9235229,0.0132271375633772
G24000504082001,23673394.0174,1864858.6992188,0.0787744544718904
G24000504082002,19842422.7229,435969.0,0.0219715609373068
G24000504083021,5845128.459200001,88559.8984375,0.015151061102534
G24000504083022,5110211.106570001,107673.0,0.0210701667219909
G24000504083031,9071106.49822,249675.5976563,0.0275242714552291
G24000504083032,5586803.394950001,167490.0,0.0299795765412824
G24000504083041,4019086.49298,114368.0,0.0284562176503945
G24000504083042,8509681.68782,383478.751709,0.0450638185747743
G24000504083043,4141873.9909299994,203167.0,0.0490519509876208
G24000504084001,10028141.687499998,900364.7967531001,0.0897838128748617
G24000504085021,10006737.4538,102225.5875549,0.0102156759909874
G24000504085023,4727926.26845,4346.0,0.000919219072641
G24000504085052,2647403.16384,90004.1015625,0.0339971269929099
G24000504086022,1039265.10309,2156.5900879,0.0020751106541419
G24000504087021,1242155.6243300005,189740.9640504,0.152751362497548
G24000504087022,972104.8419380002,23812.530105700003,0.0244958455903038
G24000504087031,626348.6991910002,1740.0699463,0.002778116963518
G24000504087032,1184129.8968600002,10650.9003906,0.0089947060865901
G24000504087042,3169124.82735,67327.1992188,0.0212447293453879
G24000504088001,1641927.7340600004,36551.45513920001,0.0222613056476116
G24000504088002,1295724.0639699998,161813.44440659997,0.1248826419961792
G24000504089002,7258623.184769998,115624.0507813,0.0159291986700593
G24000504101001,22799414.5838,683871.8007813001,0.0299951473871272
G24000504101002,28430736.4424,1348380.0,0.0474268404102646
G24000504101003,30800860.866099995,1157713.0,0.0375870338505441
G24000504101004,13358505.547099998,179456.3083496,0.0134338611244248
G24000504102001,11458332.0563,169267.0996094,0.0147724030668437
G24000504102002,8476653.23248,246954.0,0.0291334319367632
G24000504102003,15805269.9708,182283.6722413,0.0115330945044321
G24000504111011,21409442.5051,110259.7659913,0.0051500531116134
G24000504111022,11168709.2577,1601750.0,0.143414065407398
G24000504111023,7151367.234270003,188903.8499756,0.0264150677468156
G24000504112011,11551021.185900005,952665.0,0.0824745262490636
G24000504112012,8471402.091469998,536753.0,0.063360585910621
G24000504112013,9046018.55306,112379.8568268,0.012423129155399
G24000504112014,7842578.087539999,134058.0,0.0170936136693348
G24000504112021,10691775.412799995,12474.4799805,0.001166736065702
G24000504112022,10038270.221500004,198605.5,0.0197848330058525
G24000504112023,13906018.738099996,585802.7683409998,0.0421258434476292
G24000504113021,19126370.330299985,3069136.4108927,0.160466223224308
G24000504113031,619107.821878,1254.8499756,0.002026868230793
G24000504113033,960510.6879039998,10830.4003906,0.011275668794726
G24000504113034,808177.6961089999,19197.9003906,0.0237545535876936
G24000504113061,765701.7021460001,147475.76559640002,0.1926021127850125
G24000504113062,1011731.8170700005,25485.0,0.0251894816096672
G24000504113063,883912.280362,17689.999389600005,0.0200132974534024
G24000504113071,892345.2420769999,105267.3459473,0.1179670613834197
G24000504113072,900582.7162839996,33550.2502799,0.0372539353390387
G24000504113081,2347127.397670001,186576.6782227,0.0794915002943236
G24000504113082,849871.973053,19339.4003906,0.0227556632102209
G24000504113083,920233.534837,11946.8304444,0.0129823897870839
G24000504113091,4216876.18792,73211.51358030002,0.0173615516125485
G24000504113092,2480341.07311,43604.0009766,0.0175798407119576
G24000504113093,2356126.00894,71285.796875,0.0302555112097212
G24000504114041,2965319.97969,104099.0600586,0.0351055065799282
G24000504114042,615743.341872,49009.8984375,0.0795946867870284
G24000504114062,1128613.8778,31739.300781299997,0.0281223732984474
G24000504114063,793884.9829629998,44612.3984375,0.0561950400812396
G24000504114071,926364.1426819998,6692.5202637,0.0072245027148005
G24000504114073,687322.9575640002,42536.3808117,0.0618870362812509
G24000504114074,428360.564161,48127.5897217,0.1123529889264296
G24000504114075,188964.541122,9588.7399902,0.0507435941857963
G24000504114082,606331.4199870002,1550.5899658,0.0025573307182946
G24000504114091,1091355.7223900002,13005.9003906,0.011917196312599
G24000504114092,1294139.60664,20630.5250854,0.0159414988765883
G24000504114102,705729.28287,63236.30078130001,0.0896041900431508
G24000504202001,474402.959903,2687.75,0.0056655422229017
G24000504202002,1307348.1008899997,285715.935669,0.2185461817510531
G24000504203011,551509.04508,29961.5,0.0543263982110282
G24000504203021,316233.015559,22225.9003906,0.0702833015436785
G24000504203031,856216.438099,9170.8896485,0.0107109478870336
G24000504204011,193077.45949500005,155.7749939,0.0008068005157486
G24000504204012,476302.91924600006,129467.7495117,0.2718180894558673
G24000504204021,366929.672218,102396.4980469,0.2790630079817155
G24000504211022,1717913.52448,30688.3408203,0.0178637285189248
G24000504212001,722458.9718700001,194503.6823426,0.2692245371929566
G24000504212002,181241.58705,19762.8803711,0.1090416426647594
G24000504213001,384664.643115,183512.1563416,0.477070507066949
G24000504213002,290326.910944,198438.4960938,0.6835001807051776
G24000504213003,1383195.7469299997,210708.1877442,0.1523343230427554
G24000504301011,356903.4118569999,5330.4599609,0.0149353012154329
G24000504301012,1110566.14756,133085.3984375,0.119835634041159
G24000504301041,647594.1973100002,34759.7001953,0.0536751260892794
G24000504303001,874025.462252,55360.80078130001,0.0633400320382638
G24000504303003,854936.724595,6812.5,0.0079684259712053
G24000504304002,1805276.6793799996,72662.480143,0.0402500519576617
G24000504304003,1943336.99652,57439.3400879,0.0295570661139877
G24000504306001,1301852.3575199996,85081.2047348,0.0653539583373938
G24000504306002,3377979.8023899994,669248.970459,0.1981210692809621
G24000504307001,505254.0924089999,54179.023283,0.1072312408686883
G24000504308001,647323.320342,24556.8622894,0.0379360074289087
G24000504308003,511488.540374,14479.8714066,0.0283092782411358
G24000504309001,803135.6789140002,34238.5861435,0.0426311357376096
G24000504309002,191231.324187,252.3730011,0.0013197262643708
G24000504401001,700720.755654,686.9329834,0.0009803234424801
G24000504403001,1228554.1545500003,28015.8829542,0.0228039462895811
G24000504404002,801391.993393,28662.6992188,0.0357661412331379
G24000504404003,946054.207425,13020.9897461,0.0137634711033535
G24000504405001,2580347.3108500005,162444.2159197,0.0629543996797038
G24000504406001,6143182.792449997,185573.2394666,0.0302079957143177
G24000504407011,1408041.11051,208299.7949219,0.1479358758541167
G24000504407021,1346203.4729600004,308144.2597656,0.2288987259021548
G24000504407022,1514238.13941,183716.7297058,0.1213261804232341
G24000504408001,2939098.03627,130254.3968582,0.0443178128972878
G24000504409002,1189309.8369999996,9796.8203125,0.0082373995469609
G24000504410001,1064836.1375000002,5963.8600463,0.0056007303248571
G24000504411011,979839.5732839998,71273.54003919999,0.0727400096735446
G24000504411012,550451.91059,14591.2700195,0.026507801569551
G24000504411021,620585.956994,66975.2783202,0.107922645630938
G24000504411022,441278.360542,17537.693176299996,0.039742925881884
G24000504501002,3379254.8185400004,532298.7973023001,0.1575195792817656
G24000504501003,4645611.004770001,374514.0913087,0.0806167565308756
G24000504502001,1220999.7735699995,242211.1228638,0.1983711447837661
G24000504504001,585230.925047,124808.1932679,0.2132631546391309
G24000504504002,606272.1773580002,3649.9330444,0.0060202878850644
G24000504505011,963905.5703979998,738.6619873,0.0007663219406388
G24000504505012,937899.5262400002,58287.9003907,0.0621472756515548
G24000504505013,514332.16074500006,99757.3984375,0.1939552025932101
G24000504505031,226807.2316,34134.2475586,0.1504989383178027
G24000504505033,359929.8589129999,60410.3994141,0.1678393662491392
G24000504508001,777202.452947,41454.6135864,0.0533382433743128
G24000504508002,821077.963724,30197.9296875,0.0367783950144481
G24000504509001,1299357.34364,73815.77081310001,0.0568094459729712
G24000504509002,3923302.3870300017,279652.0858156,0.0712797684777239
G24000504510001,4214069.951220003,554116.7822898001,0.1314920703035267
G24000504510002,9458711.913649991,1053857.6508177998,0.1114166136402742
G24000504511001,2656258.73817,292997.51907389995,0.110304585492209
G24000504512001,4019950.749080001,352491.5087891,0.0876855291995233
G24000504512002,1019028.49963,54958.0019531,0.0539317614502977
G24000504515002,134979.647588,5933.529785199999,0.0439586996353034
G24000504515003,440939.6806650001,63478.1289063,0.1439610261670392
G24000504516001,3901581.923079999,263402.52059950004,0.0675117236527392
G24000504516002,1525333.7654399995,136963.1763306,0.0897922667378253
G24000504517011,11769782.032900002,390910.1015625,0.0332130281146916
G24000504517012,4660199.34287,528625.4299316,0.1134340810421307
G24000504517021,6131363.909950002,610741.8017578,0.0996094524362982
G24000504517022,866256.685451,195261.6877442,0.2254085781081628
G24000504518011,555877.0263919999,24061.8838589,0.0432863434113784
G24000504518012,4641459.93088,1758488.6979981002,0.3788654268668218
G24000504518013,2521945.1836000006,612420.4199218999,0.2428365310651551
G24000504518014,2836296.73136,1041549.0688478,0.3672214748660585
G24000504518021,2560314.271389999,786508.7069092,0.3071922520207658
G24000504518022,6069322.42421,4421440.813171599,0.7284900198306908
G24000504518023,2371922.0777800004,276403.0662842,0.1165312591309489
G24000504518031,2690155.13341,873158.2139894,0.3245754131965608
G24000504518032,981364.606406,185683.5976563,0.1892095928915954
G24000504519001,1985807.6107699992,520864.29638700007,0.2622934334434514
G24000504519002,9961811.296620008,2503722.3550099004,0.2513320399734334
G24000504519003,1602831.0835200003,199162.3865967,0.124256628564575
G24000504520001,499789.55442200013,215651.91778559997,0.4314854439785131
G24000504521001,1230268.77622,79378.1774293,0.0645210046484227
G24000504521002,654904.2391150001,113944.0815431,0.1739858665399348
G24000504521003,1013309.61102,55126.5095216,0.0544024342827554
G24000504523002,2165059.29195,97186.545105,0.0448886298247597
G24000504524001,5382923.88227,254259.5524902,0.0472344692310562
G24000504524002,7039777.505150002,610660.5025329001,0.0867442901549327
G24000504525001,540012.9367120002,72560.59082040002,0.1343682454390866
G24000504525003,348569.33834,7291.120117199999,0.0209172733090141
G24000504901001,6770962.647659998,152313.2693482,0.0224950686149241
G24000504901002,5475797.65437,16919.1990051,0.0030898145024766
G24000504901003,3336455.52736,15071.200195299998,0.0045171290525862
G24000504902001,958381.671927,37188.6992188,0.0388036419185953
G24000504903021,753239.08056,6251.9301758,0.0083000608135626
G24000504904001,2531865.5279700006,313900.08535009995,0.1239797619116757
G24000504904002,3514595.06258,214319.9759521,0.0609799911898731
G24000504905002,2794061.07487,96551.1992188,0.0345558656849661
G24000504905003,2580559.85943,67753.89965830001,0.0262555039793828
G24000504906051,1700863.7066800003,7189.1801758,0.0042267820446547
G24000504907011,1310031.8761900002,8083.009765600001,0.0061700863257679
G24000504910001,716173.54681,19035.3007813,0.0265791732549848
G24000504911001,364285.591319,4367.4101563,0.0119889731034558
G24000504913001,1350823.99064,40573.8984375,0.0300364064590507
G24000504914013,597958.8160320001,8165.299804699999,0.0136552879325104
G24000504914021,695363.896802,4257.350097699999,0.00612247791017
G24000504917012,582725.547797,7638.370117199999,0.0131080062408057
G24000504920012,355697.164456,29988.5,0.0843090780491999
G24000504920021,394501.645341,7750.549804699999,0.0196464321409878
G24000504920022,401686.721835,20520.9003906,0.0510868278066441
G24000504921022,633556.0477609999,70555.296875,0.1113639387144103
G24000504922001,1603706.12222,597.117981,0.0003723362857612
G24000504922002,752465.372712,19529.0,0.0259533537465179
G24000504923002,938503.621418,23357.8007813,0.0248883437935043
G24000504924021,2184303.00018,13262.5,0.0060717308903147
G24000504924022,1018913.5903000002,63622.6015625,0.0624416065976384
G24000504925001,1839395.61925,9845.4205856,0.0053525301912018
G24000504926001,1926752.9759400005,18934.6401367,0.009827227658731
G24000504926002,1326032.06878,55523.6694641,0.0418720412359136
G24000504926003,1072455.9726599995,19562.1992188,0.0182405615871392
G24000509800001,12748181.661499994,401324.298828,0.0314809052368633
G24000509801001,1747779.65826,706008.7402344,0.4039460791855572
G24000509802001,2348982.64968,800421.4213867,0.3407523769899879
G24001305052061,20966957.0142,231.5950012,1.104571355028538e-05
G24002503013012,4774673.131960001,31.4727993,6.591613379632635e-06
G24002503014014,2053159.4762899997,33231.4715366,0.0161855286549139
G24002503042011,21855042.138199996,28031.199218799997,0.0012825964389153
G24002503042012,16619581.7612,3858.9000244,0.000232189960003
G24002503042015,9115785.418379998,4937.3798828,0.0005416296738232
G24002706011041,9946728.209050002,2579.2101765,0.000259302367803
G24002706012013,2191699.5938800005,1430.8150024,0.0006528335390467
G24002706012014,2151632.66267,13322.0,0.00619157732225
G24002706027001,3474420.91723,10239.7998047,0.0029471961079671
G24051000101003,172430.699452,5314.4599609,0.0308208455790634
G24051000104002,216264.91620899996,22454.559692500003,0.1038289524076099
G24051000203001,129163.44786700002,7986.8598633,0.0618352946998139
G24051000203002,357100.673849,65174.0804443,0.1825089819680902
G24051000203003,176510.48505699993,64625.476470999994,0.3661282583305502
G24051000302001,274261.404455,41112.6852112,0.1499032840326085
G24051000302002,233748.508196,30010.2557984,0.128386940434444
G24051000401001,814875.857417,276867.0,0.3397658643092154
G24051000801011,1973172.4544599997,107617.0,0.0545400883520095
G24051000902001,1486065.74057,33038.30078129999,0.0222320587032897
G24051001001002,126799.67578099998,20950.4003906,0.1652244003114341
G24051001003001,156308.913715,42740.3007813,0.273434827006916
G24051001101001,133953.782641,6395.169921899999,0.0477416150243344
G24051001101002,179967.41481900003,40323.1992188,0.2240583344454581
G24051001102001,410356.31838599994,14747.900390600002,0.035939255056693
G24051001201002,207743.06000799997,22176.3864746,0.1067491086043789
G24051001202021,674398.87298,17121.599609399997,0.0253879422036159
G24051001205001,262995.365565,88834.3027344,0.3377789663462506
G24051001205002,271554.4775,62981.19921880001,0.2319284137703088
G24051001207001,221487.598902,4419.6298828,0.0199542994944629
G24051001207003,706446.23102,98107.7525578,0.1388750456154992
G24051001304001,2624184.507840001,3655.8701172,0.0013931452252224
G24051001306001,447618.7368240002,45252.597929,0.1010962996099802
G24051001306002,163771.96061699998,10476.7001953,0.0639712692931667
G24051001306004,173560.14450499995,0.0496196999999999,2.858934010542411e-07
G24051001307003,172021.37266299996,9884.1796875,0.0574590211349126
G24051001308031,324590.567429,56741.0637181,0.1748081103142696
G24051001308041,295251.4919449999,59260.2827759,0.2007112051678951
G24051001308042,442728.9323660001,88126.511879,0.1990529767459304
G24051001308051,1638720.17499,106957.7415696,0.0652690698521806
G24051001308061,1407180.2650999995,180154.805724,0.1280253924760645
G24051001507011,797247.271454,13779.617098700002,0.0172839940531487
G24051001509004,836051.36838,112265.4939073,0.1342806173798083
G24051001606005,83976.4562706,9393.2142843,0.1118553306659184
G24051001607004,421718.063172,129876.46960450002,0.3079698996709306
G24051001608023,1016657.39758,86926.87302010001,0.0855026218537497
G24051002002005,539061.6671210001,1035.6856283,0.0019212748586471
G24051002005004,291798.849416,3733.0980528,0.0127933953827143
G24051002006001,1300533.3778299997,244062.1889613,0.1876631489216594
G24051002006002,406720.647573,23020.9437232,0.0566013647464703
G24051002008001,730703.132569,38991.2780762,0.0533613123281883
G24051002101001,1038188.5964100002,190260.2807922,0.1832617709827576
G24051002102001,2029342.49078,368314.313263,0.1814944076400994
G24051002201002,375309.317473,25235.0898438,0.0672381117892588
G24051002201003,248875.68944700004,161027.4436035,0.6470195781729497
G24051002303001,1216166.3570000003,89965.0305176,0.0739742799163782
G24051002401001,1045254.1480400002,97244.7638857,0.0930345639556157
G24051002401002,836991.4887459998,56495.0120636,0.0674977139232827
G24051002402001,302478.339618,28584.5593263,0.0945011777120948
G24051002404002,886987.493761,50505.63775640001,0.0569406424686398
G24051002501011,224245.248324,31228.800781299997,0.1392618172055051
G24051002501012,738541.3820350001,41659.5996094,0.0564079422260805
G24051002501021,430793.085173,96520.6928865,0.2240534869489345
G24051002501031,470357.238013,13956.4995117,0.0296721265960709
G24051002501034,937021.65314,44808.21478269999,0.0478198285306916
G24051002502031,751801.9580239999,34988.91015620001,0.0465400625560528
G24051002502051,1256005.78474,25037.5123597,0.019934233316356
G24051002502061,1279527.96724,61929.2259025,0.0484000564958999
G24051002502071,678386.493814,18073.7340087,0.0266422373875495
G24051002503011,1149500.1355200002,213179.4554594,0.1854540498709588
G24051002503012,756704.094062,185583.5976563,0.2452525354529063
G24051002503031,683488.8394129999,209262.9086914,0.3061687281845319
G24051002503033,228506.244288,8465.5555781,0.0370473708693507
G24051002504011,537174.0622560001,7752.751220699999,0.0144324749935622
G24051002504013,405029.369989,32175.9110565,0.0794409330300512
G24051002505001,4888569.648139999,137462.5691833,0.0281191798577732
G24051002505002,2428966.34132,82060.0138886,0.0337839238414498
G24051002506001,5710808.141680001,502259.9598085998,0.0879490165573738
G24051002601021,259166.836268,769.7880249,0.0029702412391374
G24051002601022,182576.532335,29353.600586,0.1607742255293831
G24051002601023,268398.183548,31887.0800782,0.1188051262369939
G24051002602014,593045.8187459998,38864.150244,0.0655331325430783
G24051002602023,320979.610635,61817.1015625,0.1925888732938708
G24051002602024,200690.822947,19169.1992188,0.0955160726201334
G24051002602031,543841.8121600001,55245.3146896,0.101583426383087
G24051002602032,346839.301035,21013.4501953,0.0605855510969891
G24051002603011,120062.478744,9563.2900391,0.0796526120328655
G24051002603012,143098.854401,19604.0,0.1369962050504228
G24051002603021,159047.180774,61286.80078130001,0.3853372344171646
G24051002603031,1218969.70376,130667.0,0.1071946247695477
G24051002604011,463148.467961,46750.9892579,0.1009416903908159
G24051002604021,461906.229819,68327.00122070001,0.147923965536196
G24051002604022,876593.3552540003,132931.1820041,0.1516452083595615
G24051002604031,380105.827428,61960.9003907,0.1630096039567735
G24051002604032,1326782.6795400002,124278.6321393,0.0936691698314812
G24051002604041,1963564.4135700013,155816.59327389998,0.0793539504979142
G24051002606054,445432.5514060001,11249.613388,0.025255481110419
G24051002606055,139958.179436,7740.2099609,0.0553037342446958
G24051002606056,8457467.196089994,371266.6006848,0.0438980834423385
G24051002701012,708674.029361,69335.8984375,0.097838915446103
G24051002702002,465884.529109,40381.1015625,0.0866762020188317
G24051002703013,291342.347436,13199.2001953,0.0453047773914827
G24051002703014,412018.45051000005,26846.400390599996,0.0651582480283814
G24051002706003,341558.8875310001,9105.9804688,0.0266600600986368
G24051002706006,182550.05157799996,8538.059570300002,0.0467710608487659
G24051002708011,168339.738509,2671.6008644999997,0.0158702923514234
G24051002708013,188414.239854,8705.9898681,0.046206644863181
G24051002708023,209215.091553,7482.993240399999,0.0357669859514142
G24051002708024,270875.12859000004,8945.5,0.0330244420983368
G24051002708031,1105454.8046799998,133091.27264199997,0.1203950374800952
G24051002708032,560876.0742220001,41475.1005859,0.0739469955879839
G24051002708041,207303.25690399995,5862.850097699999,0.0282815146527824
G24051002708042,146058.67981699997,2398.6499023,0.0164225084418489
G24051002708051,212026.023184,5037.5498047,0.0237591109291727
G24051002708052,246895.06732000003,12180.209961,0.0493335492410355
G24051002709011,248172.881199,20222.5,0.0814855350121207
G24051002709021,536824.32147,66823.6015625,0.1244794598342996
G24051002709022,314715.873327,15776.0,0.0501277543875526
G24051002709031,616109.225029,20741.8007813,0.0336657851216619
G24051002711021,767161.650987,33152.8360458,0.0432149286961188
G24051002712004,829417.2652419999,22300.669117,0.0268871532478809
G24051002712006,1013082.44886,7490.879882800001,0.0073941463414249
G24051002713001,1591249.76066,37113.994812,0.0233238022902239
G24051002713002,430091.8600360001,27951.0221472,0.0649884937251786
G24051002714002,739378.4924679997,25992.1203698,0.0351540119635342
G24051002714003,466621.9888570001,33935.4134141,0.0727257056557181
G24051002715011,1032882.02987,290546.08286400005,0.2812964834915064
G24051002715012,759221.6975869999,15391.332653,0.0202725142101675
G24051002715013,635886.939826,16455.4965348,0.0258780224976829
G24051002715014,627030.66477,17961.4902344,0.0286453139273314
G24051002715015,591600.3322470001,40762.7528235,0.0689025184767493
G24051002715031,744432.4806099999,135043.8318482,0.1814050775129303
G24051002719001,383000.4880480001,5613.5,0.0146566392868316
G24051002720032,323143.455972,85558.1308594,0.2647682609014787
G24051002720033,351268.831351,24840.3300018,0.0707160094627885
G24051002720034,664446.087381,86544.0393067,0.1302499043192872
G24051002720035,273703.453775,8495.119873,0.0310376787571832
G24051002720042,500960.77979000006,21339.6392212,0.0425974249523993
G24051002720052,278316.184272,8616.4498291,0.0309592122773539
G24051002720053,358559.698447,33197.9697266,0.0925870081617862
G24051002801021,1661700.67153,29954.049194399995,0.0180261401512343
G24051002802002,896047.576456,185.0070038,0.0002064700677298
G24051002802004,364279.5893900001,5085.475219700001,0.0139603627757893
G24051002803011,1380276.9124600005,122911.1699219,0.0890481966425428
G24051002803012,765699.889661,50411.541233,0.0658372058213549
G24051002803013,1090189.04102,96596.1095319,0.0886049170348685
G24051002803022,683700.2461859998,95738.0209635,0.1400292328364243
G24051002804011,802418.812423,67124.796875,0.0836530697383684
G24051002804022,416827.50123699993,28863.1005859,0.0692447127414681
G24051002804032,638699.689816,28174.400390599996,0.0441121247431897
G24051002804033,404197.673636,26198.8839188,0.0648170081809857
G24051002805002,431891.5450430001,87587.8984375,0.2028006786490334
