GISJOIN,N_MeanSqfeet,N_MeanAge,N_MeanNoOfStories,N_MeanFullBathNumber,residuals,N_perc_area_flood
G24000504001001,0.16218154,0.758465257,0.625835915,0.368924821,-3255.709768,0.0
G24000504001003,0.170160058,0.526550849,0.678855219,0.233191791,13754.37524,0.0
G24000504002001,0.152809553,0.578789087,0.56501689,0.207177555,45761.04573,0.0
G24000504002002,0.15492765,0.592904826,0.592754851,0.230145358,46258.66246,0.0
G24000504004001,0.266486961,0.567131809,0.675238225,0.351317739,34838.65868,0.010165905
G24000504004002,0.33747675,0.689533779,0.640976468,0.438364253,32824.62072,0.0
G24000504004003,0.293404404,0.530460705,0.649412529,0.301078756,85306.02017,0.0
G24000504004004,0.208118116,0.588459917,0.784886953,0.264870921,108201.7965,0.0
G24000504004005,0.429159551,0.850909697,0.578793381,0.571410267,15700.90507,0.0
G24000504005001,0.405310661,0.713677566,0.647893946,0.478993406,77796.27435,0.002041356
G24000504006001,0.140251246,0.561372669,0.547958678,0.219304962,19157.79021,0.0
G24000504006002,0.155081897,0.527063083,0.580045708,0.209551461,42638.10961,0.065888845
G24000504006003,0.190829294,0.539133278,0.676697615,0.291500751,52367.37456,0.0
G24000504007011,0.153292763,0.607087079,0.551833752,0.342563791,56105.23632,0.0
G24000504007012,0.158763293,0.759699069,0.64701452,0.350649914,-10776.69122,0.0
G24000504007021,0.185367724,0.562800264,0.606311494,0.292219939,15854.82731,0.0
G24000504008001,0.126303704,0.608157764,0.747059906,0.20779159,6261.556516,0.0
G24000504008002,0.247328478,0.581240713,0.623034589,0.276653855,57875.9901,0.0
G24000504009001,0.205633593,0.605945884,0.757564417,0.300758001,22417.05498,0.002838489
G24000504010001,0.286243612,0.480634323,0.560337062,0.295203496,23321.1517,0.0
G24000504010002,0.365637938,0.553166749,0.549748106,0.391366443,69925.30203,0.002159175
G24000504011011,0.165159775,0.71652853,0.701092093,0.151636185,-4810.634881,0.0
G24000504011012,0.144739159,0.638700215,0.751713243,0.093296265,1974.644668,0.0
G24000504011013,0.113085963,0.668877491,0.896996787,0.204403123,-24235.70949,0.0
G24000504011014,0.172019176,0.747273907,0.593369301,0.187233878,635.473365,0.0
G24000504011021,0.134157359,0.633620746,0.84996881,0.07087806,-24195.36122,0.156420564
G24000504012001,0.165757242,0.554374604,0.792965642,0.264317838,-38020.62999,0.0
G24000504012002,0.195790503,0.60301188,0.696412791,0.273839003,-32858.76011,0.007831144
G24000504013011,0.103354205,0.638484049,0.552656867,0.077330335,16348.40977,0.017763438
G24000504013012,0.11919546,0.640328557,0.552633697,0.126415639,7889.415923,0.0
G24000504013013,0.125368048,0.635752073,0.786000205,0.210528204,-14011.98062,0.0
G24000504013021,0.107254004,0.602533559,0.591900963,0.120666321,11118.31607,0.004422201
G24000504013022,0.119442551,0.619725286,0.552159943,0.140884976,10685.4202,0.0
G24000504014001,0.325131262,0.647683781,0.664353953,0.360206416,74566.70565,0.081481261
G24000504015031,0.265339148,0.785364711,0.658154137,0.460845725,61790.21871,0.0
G24000504015032,0.251301713,0.664309072,0.748128214,0.292031775,50907.6083,0.0
G24000504015033,0.207380165,0.643256162,0.623077228,0.349666922,40853.48085,0.139805422
G24000504015034,0.250234335,0.598388731,0.523336513,0.387207849,82582.58463,0.013589341
G24000504015035,0.212131739,0.707578945,0.738010297,0.331720356,34960.12965,0.0
G24000504015041,0.301216139,0.779242914,0.709025381,0.464885359,-7536.301585,0.0
G24000504015042,0.290076987,0.733501866,0.760542663,0.496951603,-13032.71094,0.0
G24000504015043,0.228659482,0.795449531,0.562081212,0.435617776,-331.7589185,0.0
G24000504015051,0.185685133,0.71026949,0.789420596,0.258529918,-10642.32058,0.0
G24000504015052,0.162625245,0.735970346,0.739602733,0.302152606,-14782.31922,0.0
G24000504015053,0.174496774,0.704358267,0.880135907,0.302204462,-7289.242088,0.0
G24000504015061,0.214853516,0.859348765,0.512729726,0.394925459,52678.23506,0.0
G24000504015062,0.129667429,0.872195604,0.551342231,0.396420659,-10358.74603,0.0
G24000504015063,0.121982853,0.858648033,0.545706649,0.329547127,-12640.63245,0.0
G24000504015071,0.161141148,0.743156616,0.65550896,0.288244747,-33281.76901,0.018811541
G24000504015072,0.236834723,0.700194951,0.825966057,0.218551545,-62273.06186,0.0
G24000504015073,0.207599414,0.717162545,0.836412166,0.177304699,-52381.25019,0.0
G24000504022011,0.435777321,0.738534797,0.715135624,0.446158701,-15515.46953,0.0
G24000504022012,0.385838828,0.710770841,0.775297938,0.395571055,-16348.56204,0.005520656
G24000504022021,0.546779078,0.802020627,0.663994357,0.520489709,-26653.37955,0.010372302
G24000504023021,0.344447275,0.800329848,0.648820128,0.466946109,-23996.09945,0.0
G24000504023022,0.319871393,0.746932304,0.759463235,0.424533222,-70571.84099,0.0
G24000504023031,0.135750299,0.746770125,0.635123049,0.1895957,5088.309823,0.0
G24000504023032,0.132967854,0.690472419,0.845139477,0.2613748,-22399.40869,0.0
G24000504023033,0.213335058,0.807284327,0.574488534,0.396763768,-51180.07055,0.0
G24000504023034,0.163372665,0.644429228,0.783372924,0.276612992,-30901.77682,0.0
G24000504023035,0.215792777,0.704754747,0.775560231,0.334845105,-51077.62954,0.0
G24000504023041,0.169733783,0.670500518,0.800147566,0.147876091,-14344.27156,0.0
G24000504023042,0.227522012,0.671822489,0.696035299,0.214370528,-35317.12589,0.0
G24000504023043,0.149233457,0.613074627,0.815261645,0.241971187,-36504.18483,0.0
G24000504023051,0.210264921,0.66415879,0.827580515,0.337117056,-61210.58024,0.115944996
G24000504023052,0.271234694,0.551750595,0.663312364,0.244754637,-3256.96494,0.129661071
G24000504023061,0.189238597,0.648843262,0.709021282,0.15864918,-6329.30944,0.0
G24000504023062,0.170276234,0.724726427,0.869895735,0.384141678,-50074.64015,0.092522598
G24000504023071,0.119813776,0.860413349,0.552159943,0.318684977,-27669.36585,0.0
G24000504023072,0.19457516,0.646009979,0.751076111,0.252031113,-37170.37746,0.0
G24000504023073,0.179487212,0.793003307,0.564313002,0.417161291,-58900.21512,0.018375485
G24000504024031,0.108726382,0.593684912,0.717631024,0.164108733,-14647.90657,0.0
G24000504024032,0.203590966,0.713204497,0.650186811,0.298651386,-29152.02137,0.003960856
G24000504024041,0.172693188,0.714177342,0.757399683,0.269648935,-17745.50839,0.0
G24000504024042,0.147391852,0.79112037,0.620736719,0.35595619,-47493.90369,0.003429571
G24000504024043,0.144261583,0.680036402,0.879965388,0.298274031,-29447.66834,0.0
G24000504024051,0.146135401,0.566854401,0.78127933,0.240726543,-26455.83011,0.0
G24000504024052,0.199088907,0.699888053,0.768606073,0.320551151,-50408.56951,0.0
G24000504024062,0.171625713,0.869619339,0.552819534,0.355802995,-25008.72337,0.0
G24000504024063,0.179417473,0.843481928,0.582771721,0.400188993,-58482.00374,0.0
G24000504024071,0.131026861,0.769951348,0.613687445,0.297286484,-21910.92037,0.0
G24000504024072,0.268920577,0.580131403,0.771830061,0.265317327,-14214.72343,0.0
G24000504025031,0.290098617,0.605081755,0.756563132,0.390691778,-55712.91558,0.0
G24000504025032,0.388756629,0.77241625,0.666127736,0.443173156,-76547.55112,0.0
G24000504025041,0.224416368,0.854228001,0.579041544,0.422545311,-48467.95132,0.0
G24000504025042,0.505154626,0.816710268,0.619136202,0.551519318,-49353.48141,0.004608246
G24000504025051,0.250206604,0.843487267,0.575427735,0.43674592,-38141.61105,0.0
G24000504025052,0.217769064,0.802303536,0.647517329,0.436140286,-56493.39523,0.0
G24000504025061,0.210333233,0.718543438,0.808952328,0.414213028,-56869.07743,0.0
G24000504025062,0.182151656,0.754288219,0.78257749,0.342485933,-41718.72558,0.0
G24000504025091,0.408407673,0.904007469,0.506673235,0.488332091,-14130.01036,0.0
G24000504025092,0.254248704,0.891503804,0.553258586,0.588534349,-18942.44143,0.0
G24000504025093,0.161958188,0.887762234,0.554407208,0.39299199,-4584.116365,0.0
G24000504026021,0.156784399,0.643371141,0.828239914,0.175813808,-27836.97632,0.0
G24000504026022,0.187456998,0.690244324,0.846956494,0.315046315,-38225.31834,0.0
G24000504026031,0.226629999,0.736125943,0.798167321,0.453435675,-52151.19863,0.0
G24000504026032,0.241942776,0.872084139,0.505460699,0.54073254,-53778.71641,0.0
G24000504026033,0.323641782,0.828652584,0.562320448,0.462845106,-64513.94656,0.0
G24000504026041,0.278317252,0.728477596,0.704907215,0.41676134,-60961.3158,0.00554254
G24000504026042,0.220779902,0.711015664,0.806407764,0.396763768,-59234.12961,0.007935228
G24000504026043,0.22044905,0.67611588,0.79348552,0.288539474,-27851.03177,0.0
G24000504031001,0.242230272,0.61217256,0.829955467,0.340147927,-39619.80883,0.011963647
G24000504031002,0.230543848,0.65059494,0.776340196,0.283217554,-40458.33704,0.003179327
G24000504032011,0.148373096,0.703304308,0.714765338,0.223090835,-26968.09452,0.0
G24000504032012,0.165245409,0.650130739,0.789681696,0.149179168,-35939.02108,0.018409399
G24000504032021,0.194203632,0.620655686,0.697627111,0.238929392,-14757.15769,0.0
G24000504033001,0.2128342,0.557528461,0.757939913,0.226890247,-6991.285676,0.0
G24000504033002,0.178349628,0.610386936,0.746578935,0.201985182,-13406.37801,0.067442158
G24000504034011,0.223857871,0.589351547,0.707277582,0.307159154,-13142.29202,0.003816715
G24000504034012,0.24482544,0.853181984,0.561769956,0.414133795,-43815.39508,0.02172697
G24000504034021,0.26254279,0.640680616,0.663989805,0.285162128,-59403.44591,0.0
G24000504034022,0.166282429,0.564001315,0.717759786,0.202851827,-5211.168817,0.0
G24000504034023,0.085576898,0.671783267,0.552159943,0.018276388,30200.94592,0.0
G24000504034024,0.161592,0.614128896,0.573026825,0.153901564,877.6140289,0.0
G24000504035001,0.38705863,0.688893189,0.648944976,0.444068492,14934.77335,0.001286443
G24000504035002,0.359758012,0.661149254,0.730732971,0.528366433,9246.084165,0.0
G24000504035003,0.464162374,0.639054165,0.800754703,0.559093426,-19179.27803,0.020609826
G24000504036011,0.238821675,0.650554474,0.874944134,0.174124133,21785.62781,0.0
G24000504036012,0.307356438,0.827638613,0.609373649,0.513916317,57095.71254,0.0
G24000504036013,0.455364725,0.813120199,0.655236323,0.559911172,38332.30461,0.002080244
G24000504036021,0.196588764,0.804265593,0.563232025,0.460593115,10001.94729,0.0
G24000504036022,0.420670154,0.839337444,0.568907469,0.64050732,-4713.441601,0.0
G24000504037011,0.393299097,0.850179915,0.549555159,0.52937603,-34662.53777,0.0
G24000504037012,0.56503298,0.840724937,0.622080677,0.681409581,-5633.281363,0.0
G24000504037013,0.637272798,0.542464122,0.580670017,0.641999664,10461.62778,0.0
G24000504037014,0.900779558,0.691496293,0.718064101,0.953666179,7352.451706,0.0
G24000504037015,0.243110066,0.783435188,0.537647433,0.418363897,-36647.83602,0.0
G24000504037021,0.468607306,0.78720389,0.779063033,0.491678559,3909.028011,0.0
G24000504037022,0.181422473,0.835344691,0.558698748,0.465443768,-15252.47062,0.065192655
G24000504038011,0.85919958,0.763742686,0.68481098,0.855912392,12604.41707,0.00683152
G24000504038021,0.865206344,0.745573066,0.773215179,0.867122848,-29933.29292,0.001911548
G24000504038022,0.830591628,0.739595012,0.751746055,0.862407013,-10451.93613,0.0
G24000504038031,0.658820001,0.756137546,0.737337506,0.717488914,-58684.94598,0.012311995
G24000504038032,0.444349052,0.778528863,0.640614066,0.677289708,21200.46835,0.05182465
G24000504041011,0.490647195,0.8486166,0.606947906,0.506116072,4361.002273,0.0
G24000504041012,0.170626242,0.892494022,0.552855781,0.455491691,7763.356845,0.001834856
G24000504041021,0.241219314,0.807805079,0.625936161,0.417881204,-16035.75179,0.0
G24000504041022,0.103845277,0.723757434,0.803236939,0.157719107,4297.614046,0.129650878
G24000504042011,0.229834402,0.575045216,0.704105677,0.387655783,-21819.5809,0.0
G24000504042012,0.151446178,0.819933914,0.688644629,0.367040522,-35926.66799,0.0
G24000504042013,0.413083206,0.868623201,0.559529445,0.465039922,-11256.15855,0.0
G24000504042021,0.315695391,0.859665127,0.611065404,0.469195079,-25384.49351,0.0
G24000504042024,0.232626226,0.688252376,0.84465548,0.171341137,-19972.13637,0.062429895
G24000504044021,0.369538234,0.699934695,0.628060934,0.471959936,3360.466109,0.020466997
G24000504044022,0.272860789,0.830546356,0.552483263,0.245634114,-15726.23367,0.0
G24000504044023,0.426677759,0.827798887,0.575534452,0.558329835,-2104.156638,0.0
G24000504044031,0.274492819,0.844256629,0.629045338,0.416120273,-8888.845467,0.0
G24000504044032,0.331673126,0.819471378,0.650983261,0.449304432,-12864.02055,0.0
G24000504044041,0.258736304,0.866722206,0.580835976,0.444893218,8693.72335,0.0
G24000504044042,0.256943445,0.784532631,0.634772125,0.379820872,-14426.18557,0.0
G24000504045011,0.175757294,0.706420666,0.807533535,0.263999519,32352.40706,0.0
G24000504045012,0.089284368,0.66811281,0.990171911,0.164540307,7434.19825,0.0
G24000504045013,0.229161395,0.800403341,0.656275583,0.424723164,-1539.081404,0.0
G24000504045014,0.153101202,0.838725519,0.558917637,0.40385253,-32235.96076,0.0
G24000504045021,0.098113725,0.742915782,0.705270716,0.203180492,-11919.16652,0.0
G24000504045022,0.080329515,0.706462394,1.0,0.19159442,-9141.44022,0.0
G24000504045023,0.067145199,0.766716623,0.690332495,0.158754087,-35507.87878,0.0
G24000504046001,0.519876686,0.772347743,0.721551422,0.525598821,-95096.27668,0.0
G24000504046002,0.447620229,0.678352707,0.714958943,0.491155613,-17345.32414,0.007573746
G24000504048001,0.607646657,0.817974157,0.667472341,0.615546653,-37875.40971,0.0
G24000504048002,0.643036154,0.827793654,0.678261335,0.62719579,16717.1392,0.0
G24000504049001,0.634068409,0.848711462,0.572358167,0.670388552,18599.54648,0.0
G24000504049002,0.906790731,0.823643109,0.640021482,0.941567127,-56730.58028,0.0
G24000504049003,0.949971639,0.87180139,0.616444676,0.908129735,-47456.32934,0.0
G24000504050001,0.390744278,0.724012772,0.749156315,0.412202022,3573.080642,0.004566007
G24000504050002,0.445249269,0.658051206,0.731374201,0.404033633,9380.458577,0.008656118
G24000504060001,0.488631446,0.801869415,0.699225519,0.500001819,-36997.79717,0.0
G24000504060002,0.380239637,0.74126485,0.761904642,0.401478489,-22366.91365,0.00444016
G24000504060003,0.490069534,0.801665316,0.672930864,0.489745518,3185.335372,0.007870072
G24000504060004,0.592437724,0.852771855,0.600612735,0.590912042,17558.58617,0.003782344
G24000504070011,0.473767859,0.789433551,0.720899415,0.493943655,9248.761468,0.0
G24000504070012,0.531398243,0.786633212,0.654714417,0.531442498,-34640.59315,0.002870116
G24000504070021,0.541328641,0.807614108,0.648949731,0.511434793,-21463.7595,0.007360718
G24000504070022,0.498702707,0.7836163,0.699771305,0.505594005,-34919.42075,0.043997742
G24000504070023,0.470769048,0.730988258,0.689142443,0.422208297,-27030.09706,0.060300635
G24000504081001,0.605737678,0.781364073,0.632689134,0.618878309,38437.38223,0.014527067
G24000504081002,0.745692001,0.822798776,0.548997402,0.790880155,115724.0748,0.00335455
G24000504081003,0.219953684,0.832710659,0.553487929,0.653529923,33276.13448,0.0
G24000504081004,0.421672128,0.864560729,0.553118866,0.639789683,28846.0121,0.042333396
G24000504082001,0.904173355,0.825464061,0.643668958,0.920588493,-57168.13184,0.031859385
G24000504082002,0.700000122,0.689759789,0.679709017,0.679344843,-17263.70516,0.004976328
G24000504083021,0.965593125,0.780149662,0.674862152,0.994551188,-56082.44209,0.0
G24000504083022,0.551140634,0.846943019,0.596740766,0.761160031,33265.41328,0.0
G24000504083031,0.893276329,0.871311032,0.584329805,0.941897581,29188.97957,0.0
G24000504083032,0.756425361,0.829341801,0.634898217,0.807326349,8292.059442,0.0
G24000504083041,0.624184637,0.871883859,0.564497699,0.772544282,41231.0068,0.0
G24000504083042,0.886667921,0.822063041,0.63700655,0.903373956,105710.5324,0.003738131
G24000504083043,0.798947275,0.808495333,0.655705024,0.823453709,38300.36178,0.007365717
G24000504085021,0.635301949,0.684284725,0.808976081,0.712293823,80190.60124,0.0
G24000504085022,0.318939212,0.74404048,0.615263936,0.428251373,52235.74118,0.0
G24000504085023,0.488853967,0.743727402,0.580510165,0.575462915,36152.38637,0.0
G24000504085031,0.166163254,0.759761765,0.652595728,0.384836644,22235.32354,0.012802603
G24000504085032,0.21327717,0.665690207,0.84465548,0.306594715,47726.76398,0.0
G24000504085051,0.343447417,0.714569739,0.669877204,0.471618212,52468.0182,0.0
G24000504085052,0.259357525,0.670460536,0.821499223,0.371595809,22192.91674,0.068180711
G24000504085061,0.233007005,0.674090564,0.73768053,0.264141021,28589.72328,0.0
G24000504085062,0.262481333,0.794900246,0.552159943,0.54376426,2851.733198,0.0
G24000504085072,0.422987,0.729973268,0.552159943,0.521998562,44897.26148,0.0
G24000504085073,0.162453391,0.766292882,0.553450602,0.401096215,7796.294936,0.0
G24000504086011,0.24616903,0.66527422,0.803161589,0.386989345,64487.85812,0.0
G24000504086012,0.324526631,0.701055864,0.7709266,0.455251801,54558.98876,0.0
G24000504086013,0.208302784,0.651046994,0.809045538,0.302794487,55286.38303,0.0
G24000504086014,0.130191943,0.620371933,0.8639491,0.201755302,63878.51302,0.0
G24000504086021,0.219157605,0.646526972,0.753060837,0.310722377,62171.021,0.007853479
G24000504086022,0.388655726,0.699320595,0.646711209,0.442965677,48561.71274,0.033555066
G24000504087021,0.346424029,0.692213152,0.628416927,0.43453091,40601.78093,0.005677779
G24000504087022,0.494978646,0.709427517,0.636616368,0.550764284,93013.72231,0.006665622
G24000504087031,0.301486452,0.678318996,0.688187552,0.356688633,65006.03903,0.0
G24000504087032,0.395035006,0.810723873,0.564611237,0.507810408,51292.63057,0.0
G24000504087033,0.260541993,0.830164295,0.558138581,0.527838933,82514.87683,0.02849754
G24000504087034,0.240826266,0.776526018,0.552159943,0.445384335,40870.16293,0.0
G24000504087041,0.334141056,0.815006135,0.56157075,0.457739682,43218.39693,0.0
G24000504087042,0.554064842,0.774633939,0.648620771,0.541421126,99486.41154,0.001302299
G24000504087043,0.55605733,0.858072327,0.563724392,0.613123823,39756.04897,0.0
G24000504088001,0.332782027,0.570500799,0.687464001,0.356688633,54952.34729,0.0
G24000504088002,0.195207691,0.642365018,0.760593738,0.254379173,47527.71394,0.020426421
G24000504089001,0.324462784,0.696899727,0.714542273,0.415812278,39752.04643,0.0
G24000504089002,0.323428919,0.767646696,0.5986493,0.491776338,47503.68625,0.123654183
G24000504101001,0.657524786,0.813484114,0.65550896,0.671906481,-75674.86637,0.0
G24000504101002,0.556779143,0.711392201,0.668634024,0.497766139,86122.95682,0.020952589
G24000504101003,0.814929591,0.81138321,0.613501887,0.794193967,68188.95227,0.014260186
G24000504101004,0.587339471,0.758418722,0.675640044,0.621602313,51892.90848,0.0
G24000504102001,0.580577782,0.792760111,0.663319283,0.5994968,40734.34779,0.0
G24000504102002,0.702841191,0.801960784,0.648903717,0.712297871,-20679.58402,0.0
G24000504102003,0.659758264,0.773983847,0.695326978,0.702366905,9969.771302,0.0
G24000504111011,0.585981362,0.771971283,0.697516193,0.542491529,-37044.77824,0.000793195
G24000504111021,0.495215742,0.728279842,0.826071821,0.439107306,-28924.01144,0.0
G24000504111022,0.327016331,0.64347767,0.778652114,0.247913269,2209.699041,0.0
G24000504111023,0.488727507,0.694173757,0.700529745,0.441935162,-3540.599864,0.001498216
G24000504112011,0.487197526,0.724693929,0.719734381,0.548320639,42470.91845,0.003497694
G24000504112012,0.478934899,0.741666464,0.707477565,0.488197327,56583.44728,0.0
G24000504112013,0.40501516,0.720986641,0.759427189,0.407895749,26054.5736,0.010394231
G24000504112014,0.538729696,0.761216136,0.68348447,0.531561947,-42712.485,0.0
G24000504112021,0.506952067,0.72504388,0.746994236,0.57479271,66987.0289,0.0
G24000504112022,0.533451706,0.750164835,0.702889086,0.507886559,46949.75866,0.001737549
G24000504112023,0.386185966,0.645885196,0.784987282,0.333574759,35372.71834,0.010583169
G24000504113021,0.454202285,0.887926876,0.611180523,0.481528445,67306.81445,0.008561961
G24000504113031,0.309233049,0.814122178,0.674996337,0.380548395,-2100.479534,0.0
G24000504113032,0.258142977,0.709457944,0.773839681,0.307224964,27327.38574,0.0
G24000504113033,0.19421203,0.801191911,0.62746125,0.371966778,1045.78525,0.0
G24000504113034,0.239925194,0.70120991,0.726907808,0.288042583,35797.91306,0.0
G24000504113061,0.249023888,0.868681466,0.437051681,0.341937851,6793.335016,0.0
G24000504113062,0.171383383,0.805839482,0.579907132,0.28248223,14410.72601,0.0
G24000504113063,0.187330524,0.817466519,0.631287829,0.370357671,17604.75153,0.0
G24000504113071,0.121664423,0.801986669,0.552159943,0.228856376,27781.2567,0.0
G24000504113072,0.136335634,0.819827711,0.552159943,0.200233258,31481.68517,0.221501901
G24000504113081,0.448177773,0.850251797,0.607261143,0.428524946,-36359.03805,0.0
G24000504113082,0.207754282,0.835481755,0.578176248,0.386090003,16747.90702,0.0
G24000504113083,0.252808522,0.789938726,0.582751347,0.36875785,17210.27706,0.0
G24000504113091,0.441242691,0.823103239,0.730165526,0.447758406,-7603.292767,0.000595831
G24000504113092,0.3670013,0.886363732,0.535589025,0.421731714,13146.83304,0.0
G24000504113093,0.63765037,0.920997735,0.570637559,0.634182233,79011.53692,0.0
G24000504114041,0.270241947,0.798506301,0.610346299,0.3597928,-7916.89117,0.0
G24000504114042,0.200339765,0.676365339,0.766894374,0.254214632,6289.180181,0.0
G24000504114061,0.412242555,0.78616624,0.7555582,0.396763768,-7611.529951,0.00480793
G24000504114062,0.241922167,0.731023292,0.750247218,0.303852143,25357.93376,0.0
G24000504114063,0.204442033,0.819412578,0.641592416,0.349363071,22330.40642,0.0
G24000504114071,0.20825753,0.654304746,0.701883435,0.176973269,21585.22354,0.0
G24000504114072,0.143430705,0.751888024,0.633146892,0.197559884,8728.044437,0.142846032
G24000504114073,0.147785466,0.796950232,0.569511453,0.206201123,15431.5601,0.0
G24000504114074,0.088325463,0.759636695,0.552159943,0.03902688,41957.42121,0.013700909
G24000504114075,0.113436019,0.819435341,0.552159943,0.156651149,18431.86208,0.322389601
G24000504114081,0.104410446,0.78811228,0.552159943,0.137945192,24573.38084,0.0
G24000504114082,0.149146926,0.742656521,0.638383117,0.200840889,15565.03425,0.0
G24000504114083,0.165149167,0.840466081,0.571785028,0.377549662,3800.386991,0.0
G24000504114091,0.276499716,0.827214941,0.56966988,0.359360309,12348.22588,0.0
G24000504114092,0.190661027,0.813773071,0.5875057,0.24908532,15636.31526,0.0
G24000504114093,0.15508122,0.841174183,0.552159943,0.310227023,6533.835938,0.0
G24000504114101,0.294778238,0.815520942,0.570170752,0.416628597,-32115.08364,0.0
G24000504114102,0.217293086,0.804538984,0.563358623,0.404819071,-10113.12994,0.0
G24000504114103,0.208393258,0.827039721,0.620567211,0.36166146,-13622.6138,0.0
G24000504201001,0.073585919,0.601672111,0.83469249,0.112957656,-3470.634154,0.076060084
G24000504201002,0.067433429,0.60224625,0.715915361,0.068946098,9655.408159,0.0
G24000504201003,0.087973465,0.625899839,0.962632928,0.143104678,-8046.103963,0.177695025
G24000504202001,0.052353973,0.626706245,0.552159943,0.065394582,36328.93443,0.0
G24000504202002,0.207413434,0.822774949,0.389975278,0.311068512,78738.06474,0.0
G24000504203011,0.053194935,0.658337343,0.552159943,0.026031252,29548.4106,0.0
G24000504203021,0.068887802,0.658570104,0.552159943,0.064712655,22902.00146,0.0
G24000504203022,0.075888667,0.650853182,0.552159943,0.050921095,24982.39374,0.0
G24000504203031,0.134951296,0.639523411,0.702170964,0.109268239,9345.820556,0.0
G24000504204011,0.058878724,0.62783566,0.552159943,0.038012565,17999.70347,0.0
G24000504204012,0.106404675,0.70620261,0.560853093,0.132190065,-9995.709869,0.0
G24000504204013,0.06854014,0.638465755,0.552159943,0.034092869,20046.73586,0.0
G24000504204014,0.082840795,0.641189129,0.552159943,0.061550848,22448.82121,0.0
G24000504204021,0.09345026,0.635356357,0.672756687,0.129325244,6130.55393,0.0
G24000504204022,0.093246041,0.617684708,0.628545574,0.091045181,9209.668317,0.0
G24000504205001,0.048338634,0.627025942,0.553814797,0.049974982,29145.3738,0.0
G24000504205002,0.11168001,0.666556441,0.679785434,0.193151485,-5207.601898,0.0
G24000504206001,0.102854004,0.610675588,0.630966421,0.155918133,-8097.011361,0.0
G24000504206002,0.063741887,0.620210361,0.552159943,0.029613253,25762.94267,0.0
G24000504206003,0.085054789,0.606992406,0.586592765,0.065172822,16358.35587,0.0
G24000504207011,0.098531623,0.614407291,0.686701086,0.126308522,13986.57316,0.0
G24000504207021,0.126246016,0.568809352,0.762358399,0.13418617,6567.752873,0.0
G24000504208001,0.07550429,0.598709481,0.637510413,0.100594464,12450.1286,0.0
G24000504208002,0.147389489,0.607695628,0.728097108,0.145666435,-1823.878857,0.0
G24000504208003,0.129538265,0.575091059,0.725772454,0.170698907,-14483.71383,0.0
G24000504209001,0.167510651,0.626651204,0.59557301,0.166702811,-18392.44304,0.0
G24000504209002,0.073866454,0.442675761,0.562369499,0.108222801,39564.36099,0.0
G24000504209003,0.063141331,0.42036251,0.55118137,0.069921484,44763.70029,0.0
G24000504210001,0.097064698,0.465567947,0.591150147,0.112994753,1287.520823,0.0
G24000504211011,0.138028808,0.571322798,0.616009802,0.332018425,-44721.94887,0.0
G24000504211012,0.145183528,0.532484588,0.608761242,0.197186405,58.60554887,0.0
G24000504211021,0.124940703,0.605695037,0.730473549,0.112898233,-1178.070842,0.0
G24000504211022,0.047591715,0.59720495,0.557285636,0.046912863,28285.29577,0.0
G24000504212001,0.11749634,0.593764216,0.841752978,0.165136845,-20397.51362,0.0
G24000504212002,0.13846676,0.588824671,0.77908673,0.133084033,-17358.91888,0.0
G24000504213001,0.113659557,0.595395643,0.688387152,0.141740186,-18647.34396,0.0
G24000504213003,0.118558163,0.526436818,0.659382027,0.127579847,-36553.60493,0.0
G24000504301012,0.090811168,0.643042787,0.615231757,0.08442201,9279.851928,0.016897514
G24000504301041,0.136813202,0.612045124,0.848057337,0.219011156,-10108.55275,0.005444957
G24000504301042,0.145587231,0.623021762,0.826691715,0.267347967,-16021.12824,0.002131884
G24000504302001,0.120061877,0.629587818,0.769059578,0.16273722,9393.890947,0.0
G24000504302002,0.147134201,0.665425566,0.754587774,0.198161332,-16833.23667,0.023517456
G24000504302003,0.142653809,0.568787604,0.801354392,0.204339512,-8135.781334,0.0
G24000504303001,0.07625976,0.65352498,0.552159943,0.016501967,18855.27805,0.0
G24000504303002,0.067626205,0.632654409,0.552159943,0.002346138,15816.90832,0.0
G24000504303003,0.119846535,0.602951626,0.705130831,0.140019581,-5250.407457,0.08330344
G24000504303004,0.097372279,0.577120709,0.738663342,0.127602418,-5668.884044,0.0
G24000504304001,0.136338638,0.601303349,0.699971099,0.217379833,8487.937937,0.136820441
G24000504304002,0.188464642,0.625508591,0.749518803,0.264266034,6612.804261,0.024667155
G24000504304003,0.185134749,0.632645406,0.732163519,0.274676009,-2811.299691,0.421011563
G24000504306001,0.216794002,0.682513018,0.623590854,0.262730965,32303.01346,0.022921594
G24000504306002,0.346009924,0.486706356,0.654021336,0.332422956,5065.800734,0.048234403
G24000504307001,0.19838959,0.535362994,0.678855219,0.279926641,17145.8913,0.552965053
G24000504307002,0.148896787,0.7182214,0.580131088,0.173981871,68642.84009,0.004389617
G24000504307003,0.089551761,0.621025682,0.621921603,0.134223355,66198.92958,0.0
G24000504308001,0.160331364,0.565058726,0.667710184,0.258351657,19264.30689,0.097372306
G24000504308002,0.10379288,0.662628825,0.552159943,0.058514928,86045.30627,0.0
G24000504308003,0.139556566,0.598380227,0.649734985,0.189644684,36746.95499,0.018677251
G24000504309001,0.202541414,0.533401207,0.667107738,0.284285231,-7556.344968,0.001642432
G24000504309002,0.126610904,0.631072969,0.57978644,0.305683917,-456.2834924,0.0
G24000504309003,0.098897707,0.638479872,0.571978952,0.089468271,57289.96327,0.0
G24000504401001,0.186556715,0.607199205,0.776186934,0.203572881,-6923.932141,0.0
G24000504401002,0.154922509,0.622562358,0.784615094,0.1960347,19923.59183,0.0
G24000504401003,0.164179779,0.575015149,0.724638884,0.211650125,14220.53647,0.0
G24000504401004,0.161454145,0.544823266,0.741187671,0.194797813,21091.01524,0.0
G24000504402001,0.183909654,0.507226089,0.678379415,0.228097377,27675.61278,0.0
G24000504402002,0.180708484,0.669323292,0.724091793,0.28390462,-11583.4778,0.0
G24000504403001,0.142935945,0.804623879,0.590960371,0.215312465,15681.01611,0.009032381
G24000504404001,0.18738912,0.542181923,0.599131458,0.223031856,4593.34769,0.0
G24000504404002,0.155956333,0.609754497,0.78295876,0.21575657,-12549.97963,0.0
G24000504404003,0.111166948,0.645903264,0.779006768,0.140665009,-929.1415701,0.031251751
G24000504404004,0.118606214,0.497640326,0.775349769,0.209849034,6890.676731,0.0
G24000504405001,0.168831747,0.657832629,0.661529892,0.191170986,15849.84546,0.021488107
G24000504405002,0.141955695,0.562905923,0.666218945,0.153788544,36248.56673,0.0
G24000504406001,0.392284918,0.860600596,0.608288306,0.442346859,-1694.426408,0.379324318
G24000504407011,0.170902411,0.891285939,0.56429354,0.425856424,-44045.56213,0.06455763
G24000504407012,0.225105415,0.76895494,0.580868584,0.167595111,20314.32031,0.0
G24000504407013,0.185118948,0.810665179,0.568341177,0.182808918,-20587.30545,0.0
G24000504407021,0.171339105,0.844422678,0.495455663,0.282611998,26448.38755,0.0
G24000504407022,0.147328394,0.868868057,0.553661653,0.345346614,-12490.12999,0.288765306
G24000504408001,0.424624858,0.880257375,0.605853617,0.476309889,54445.15779,0.00072626
G24000504409001,0.157762511,0.733568934,0.709052077,0.21678031,-1971.99056,0.0
G24000504409002,0.210813247,0.816651411,0.622589055,0.341023773,-13853.87259,0.0
G24000504410001,0.12027842,0.686560282,0.615618443,0.07641135,-7894.822233,0.0
G24000504411011,0.194534314,0.622286228,0.775819667,0.23443411,-6077.255766,0.039545594
G24000504411012,0.156873443,0.645789312,0.870213343,0.177323226,-1676.844174,0.0
G24000504411021,0.146556544,0.707550627,0.84255816,0.216696441,-11430.66029,0.052942868
G24000504411022,0.143451241,0.679369656,0.739077314,0.176148129,22791.95015,0.075670522
G24000504411023,0.145622993,0.604432316,0.82190762,0.226715225,-13531.19576,0.007752527
G24000504411024,0.149976452,0.694877147,0.793899969,0.262257447,-35014.35158,0.0
G24000504501001,0.127397485,0.617266089,0.724406516,0.159572084,140.6969824,0.008385
G24000504501002,0.140075642,0.571465475,0.817253118,0.165358793,-10488.7656,0.214123814
G24000504501003,0.159443182,0.656527841,0.85442793,0.218035329,-30255.71245,0.015005125
G24000504502001,0.142672133,0.604298245,0.803769007,0.163207608,-8467.886929,0.047911492
G24000504502002,0.161005061,0.565364127,0.789794801,0.183983888,-7103.193978,0.0
G24000504502003,0.080172333,0.58779159,0.631618793,0.155914864,4191.362424,0.0
G24000504503001,0.165760791,0.717797804,0.687529239,0.235806261,-21340.80856,0.0
G24000504503002,0.153172101,0.55456763,0.815988117,0.194738914,-6529.727674,0.0
G24000504504001,0.135554569,0.69577132,0.751136499,0.269393186,-31220.04726,0.0
G24000504504002,0.126676106,0.562585436,0.814348344,0.169327716,-8720.562779,0.0
G24000504505011,0.151343399,0.608806025,0.798268376,0.19862693,-16263.32281,0.0
G24000504505012,0.096698044,0.608601188,0.895912499,0.129154606,-12091.98143,0.0
G24000504505013,0.107070042,0.633380949,0.895961207,0.177365089,-12132.18943,0.0
G24000504505031,0.087129148,0.703868595,0.562289658,0.051874733,6694.090732,0.0320361
G24000504505032,0.099283507,0.684636132,0.552159943,0.063899264,4567.166734,0.0
G24000504505033,0.098732857,0.679594621,0.552159943,0.102879449,-7049.873694,0.0
G24000504505041,0.066054747,0.648288343,0.552159943,0.071285825,14811.14175,0.0
G24000504505042,0.082676678,0.638726078,0.552159943,0.068370306,17662.50423,0.0
G24000504508001,0.355870862,0.944135546,0.475456027,0.589871928,90588.64289,0.0
G24000504508002,0.114024256,0.735872052,0.650833136,0.104167004,-11811.28726,0.0
G24000504508003,0.118304705,0.695690688,0.817585414,0.232735311,-12769.28113,0.0
G24000504509001,0.234394361,0.712616516,0.829983284,0.262867875,-31861.72689,0.0
G24000504509002,0.213497334,0.820023413,0.658509481,0.335729799,-31488.51425,0.0
G24000504510001,0.317046905,0.744404679,0.785246766,0.333152443,-62581.61354,0.0
G24000504510002,0.304807638,0.693697238,0.775691053,0.279522683,-9815.493455,0.0
G24000504511001,0.331127379,0.832574038,0.688366575,0.39814092,-11687.29946,0.0
G24000504512001,0.16032861,0.697184246,0.767405022,0.201008919,-5062.25555,0.081344022
G24000504512002,0.053428908,0.585489559,0.989186359,0.073425437,-14722.64802,0.039798721
G24000504513001,0.07225121,0.592693148,0.951853605,0.094805996,-19706.17907,0.0
G24000504513002,0.101473734,0.599677997,0.947592085,0.133827366,-35724.33904,0.0
G24000504514011,0.147223246,0.741509952,0.42720679,0.164203403,-5904.142918,0.0
G24000504514012,0.343422749,0.945488939,0.290974625,0.52267032,60681.31109,0.0
G24000504514021,0.077971289,0.674095187,0.600677514,0.065549187,2694.357816,0.003656976
G24000504514023,0.115117157,0.807147909,0.572354578,0.112449631,-11618.09839,0.0
G24000504515001,0.076822559,0.632172386,0.552399674,0.049526409,17587.59975,0.0
G24000504515002,0.084440626,0.719160155,0.552159943,0.038100465,10530.13358,0.0
G24000504515003,0.117833275,0.658249608,0.581397314,0.113784248,-3852.563563,0.0
G24000504516001,0.342100597,0.726085436,0.706366774,0.371716809,74528.12975,0.0
G24000504516002,0.138254377,0.639357686,0.949917501,0.118108657,-29668.48439,0.0
G24000504517011,0.379501484,0.867356076,0.554133264,0.451648249,59818.76892,0.002253538
G24000504517012,0.276648447,0.879933144,0.470212107,0.400952806,-26734.2221,0.000633104
G24000504517021,0.259944267,0.775595835,0.707917935,0.323508146,-25046.79181,0.014867565
G24000504517022,0.258868633,0.719208558,0.835796588,0.274241064,-18042.48049,0.0
G24000504518011,0.264504714,0.779047743,0.783436729,0.328474301,-41161.77684,0.0
G24000504518012,0.2652171,0.758731734,0.695160677,0.266849871,-35345.41385,0.010243327
G24000504518013,0.22580404,0.797024373,0.61054957,0.214763158,-8440.353992,0.011888238
G24000504518014,0.143302684,0.860013791,0.5764793,0.404185089,-64048.30174,0.0
G24000504518021,0.349309216,0.846463829,0.669109429,0.37699882,-17159.86502,0.0
G24000504518022,0.386442647,0.823136651,0.742886251,0.396763768,22799.82693,0.0
G24000504518023,0.266439521,0.728982479,0.687825777,0.214604066,-4336.016807,0.0
G24000504518031,0.185658225,0.851980506,0.401732046,0.27950387,-1625.967043,0.0
G24000504518032,0.20199149,0.836844551,0.684989335,0.332104727,-32147.86769,0.0
G24000504519001,0.245027917,0.732284115,0.732944357,0.247913269,-26825.88797,0.0
G24000504519002,0.313729358,0.826144326,0.691701943,0.348881789,-47245.21979,0.009538893
G24000504519003,0.18778806,0.649197644,0.754638486,0.21241815,-18910.32812,0.0
G24000504520001,0.1893261,0.65621827,0.832359106,0.200812795,-3507.805523,0.0
G24000504520002,0.169272945,0.620878517,0.764956628,0.173751514,-20189.14363,0.002034577
G24000504521001,0.232471515,0.709509402,0.766204626,0.278743146,-29217.4868,0.0
G24000504521002,0.247069308,0.688225712,0.795312945,0.265631065,-39964.69147,0.0
G24000504521003,0.184739428,0.602348135,0.779707492,0.194675483,-27606.07208,0.0
G24000504523001,0.058063286,0.637531677,0.552159943,0.011516286,16078.09029,0.0
G24000504523002,0.061294057,0.596073817,0.563432434,0.028118398,22512.93232,0.009675745
G24000504524001,0.074117326,0.598353226,0.643285438,0.04731634,19762.53111,0.312789208
G24000504524002,0.27233022,0.844137616,0.645963176,0.379490003,-21287.16629,0.0
G24000504525001,0.148594019,0.627754093,0.690883035,0.13429986,-2236.795988,0.0
G24000504525002,0.090587252,0.649331995,0.542800816,0.073404175,9574.122121,0.0
G24000504525003,0.16890236,0.69754718,0.795613611,0.194030735,-32094.16884,0.0
G24000504901001,0.441430149,0.749693979,0.706093454,0.48630894,82270.85442,0.0
G24000504901002,0.54872863,0.68046087,0.809762399,0.568694943,38343.66084,0.0
G24000504901003,0.442811236,0.661136535,0.854928658,0.52804438,79801.32452,0.0
G24000504902001,0.37802616,0.687486745,0.600294325,0.340424719,40108.77265,0.0
G24000504902002,0.254148148,0.631459288,0.656269003,0.281856392,66782.30119,0.0
G24000504902003,0.246091612,0.6479464,0.685820282,0.283507953,49436.56049,0.0
G24000504903011,0.133209315,0.629872842,0.559009955,0.143830543,57004.65857,0.0
G24000504903012,0.261365577,0.633742351,0.685826491,0.275963124,45457.39335,0.018069819
G24000504903013,0.154968915,0.678530894,0.55836181,0.17990698,87285.35152,0.025340251
G24000504903021,0.297738321,0.677977761,0.635984109,0.41168536,54370.63992,0.0
G24000504903022,0.30560774,0.638072079,0.588836499,0.469627648,39368.35151,0.0
G24000504904001,0.632220854,0.634107846,0.654863126,0.688139744,91269.48246,0.02008067
G24000504904002,0.688208987,0.596356671,0.690980796,0.760235916,176372.403,0.044436304
G24000504905001,0.626244761,0.672763515,0.65877026,0.679212131,113862.8492,0.003183597
G24000504905002,0.682008223,0.603323289,0.650837909,0.798724014,209007.0261,0.005339691
G24000504905003,0.646285017,0.633918971,0.615258815,0.680779735,113397.8501,0.086123906
G24000504906011,0.162229209,0.553394286,0.552159943,0.256160128,140472.0509,0.0
G24000504906012,0.189245503,0.571913156,0.537676381,0.193262652,140702.6734,0.0
G24000504906021,0.159453657,0.61802876,0.558000406,0.14535717,134260.323,0.0
G24000504906022,0.160799992,0.612364516,0.51174765,0.227971858,137773.2582,0.030143091
G24000504906031,0.181141866,0.634455581,0.557593841,0.124767876,123965.5373,0.071263142
G24000504906032,0.486345908,0.712545817,0.565907414,0.595925041,119776.675,0.004509403
G24000504907011,0.368994211,0.633637905,0.77663037,0.424941596,73964.62853,0.0
G24000504907031,0.346779791,0.557353942,0.600999643,0.434207706,76689.82174,0.0
G24000504907032,0.339187581,0.594190865,0.599767831,0.378324289,107882.6039,0.0
G24000504908001,0.230571143,0.624342351,0.813203373,0.293316024,69141.88911,0.0
G24000504908002,0.26290427,0.559835096,0.591049732,0.324772508,95718.05263,0.049974521
G24000504909001,0.160989149,0.599872045,0.642765339,0.266758124,39941.04695,0.0
G24000504909002,0.184666459,0.692287592,0.610899348,0.400604835,65777.38468,0.0
G24000504910001,0.310928506,0.661130427,0.616827324,0.359789685,73191.84189,0.0
G24000504910002,0.355996265,0.556874072,0.518869634,0.405112754,196636.6505,0.0
G24000504911001,0.143992166,0.574899236,0.744473935,0.2081749,45139.84368,0.003178705
G24000504911002,0.202954578,0.549906644,0.689337733,0.253947414,61573.53754,0.0
G24000504911003,0.203046642,0.513590287,0.695101845,0.300619387,95315.24584,0.0
G24000504912011,0.168833039,0.63499584,0.581115486,0.228537924,33415.86803,0.0
G24000504912012,0.15236684,0.653455083,0.554066305,0.107998828,68017.60329,0.0
G24000504912021,0.105579763,0.613742272,0.553518145,0.075342042,86119.50089,0.0
G24000504912022,0.148346025,0.62722675,0.55487326,0.132632201,59207.28697,0.0
G24000504913001,0.210745965,0.627937204,0.800978312,0.257371996,14159.33509,0.007304053
G24000504913002,0.212232577,0.664715379,0.751356362,0.197495144,-16405.44669,0.0
G24000504914011,0.098231958,0.645940426,0.552159943,0.059288952,18956.98274,0.0
G24000504914012,0.14208558,0.660996457,0.640674914,0.137238298,-5637.403806,0.0
G24000504914021,0.116454115,0.643936737,0.673786363,0.097006061,-3896.043092,0.032822416
G24000504914022,0.102403257,0.634053549,0.552159943,0.126014871,730.5951497,0.0
G24000504915001,0.080490841,0.618183483,0.628095894,0.081206162,42855.53032,0.0
G24000504915002,0.150023065,0.61574272,0.706751943,0.149182625,27558.11136,0.0
G24000504915003,0.156749844,0.598633071,0.553982629,0.087787541,67024.33252,0.0
G24000504916001,0.113311081,0.601047819,0.648959348,0.118765088,25666.7569,0.0
G24000504916002,0.081734039,0.603582229,0.552740896,0.098394154,31903.21609,0.0
G24000504916003,0.066346852,0.602762089,0.552562594,0.035884818,42349.84847,0.0
G24000504917011,0.183582107,0.698696638,0.899562254,0.205414027,5758.128098,0.0
G24000504917012,0.15891437,0.734343121,0.685777312,0.209658008,10992.82885,0.0
G24000504917013,0.263721799,0.792390122,0.648565485,0.445054618,11667.33998,0.0
G24000504919001,0.151859788,0.636715139,0.845173971,0.140604223,13752.47303,0.0
G24000504919002,0.145791414,0.63327957,0.986954129,0.129887873,3861.032977,0.0
G24000504920011,0.144487426,0.641541038,0.702138522,0.13878009,21527.74807,0.0
G24000504920012,0.163134948,0.626658929,0.807098655,0.229784041,-9908.953859,0.0
G24000504920021,0.114878552,0.655846264,0.60590062,0.111328338,31551.69157,0.0
G24000504920022,0.154743524,0.60564428,0.767162665,0.205454869,22477.17217,0.0
G24000504920023,0.152327204,0.659579626,0.725476974,0.194067142,1688.682363,0.0
G24000504920024,0.154253369,0.635539254,0.68302946,0.146566922,30192.00613,0.0
G24000504921011,0.14772904,0.630483026,0.894104839,0.133306866,-3397.859606,0.0
G24000504921012,0.194471447,0.617604926,0.743177437,0.259363307,12451.7429,0.0
G24000504921013,0.152674077,0.605160986,0.70625109,0.194058146,22272.30901,0.0
G24000504921014,0.167619833,0.538764698,0.755233075,0.192459161,17465.42404,0.0
G24000504921021,0.140266339,0.514566798,0.774420989,0.187861472,13922.86977,0.0
G24000504921022,0.141001383,0.605906099,0.792649593,0.19566732,-1778.698434,0.373703954
G24000504922001,0.296331501,0.723030339,0.744938868,0.371306203,5092.638826,0.0
G24000504922002,0.17322376,0.720572508,0.660921789,0.327251845,5365.955419,0.0
G24000504922003,0.17722586,0.740754278,0.616444676,0.198314785,33259.41824,0.0
G24000504923001,0.060193094,0.628814618,0.551788602,0.035277331,24856.09399,0.0
G24000504923002,0.172041839,0.69757131,0.661516687,0.211926113,-18497.18205,0.011396109
G24000504924011,0.176040661,0.768544411,0.603304819,0.341787049,-51546.39672,0.0
G24000504924012,0.239029102,0.885698016,0.552986143,0.469911288,-20319.90323,0.0
G24000504924021,0.309547,0.884383787,0.55707463,0.489905804,-14461.67882,0.0
G24000504924022,0.226753504,0.890666687,0.546182782,0.443227691,17190.11575,0.0
G24000504926002,0.306149843,0.789289412,0.589860764,0.405803272,-18779.87678,0.0
G24000504926003,0.190387499,0.771645437,0.605872329,0.308128782,7702.674957,0.0
G24001305081022,0.153570794,0.861148088,0.561429037,0.09620026,30875.55867,0.0
G24051000101001,0.134947828,0.37310488,0.514948743,0.313796912,97822.08686,0.0
G24051000101002,0.191459176,0.375713069,0.430043315,0.332232902,94023.74066,0.0
G24051000101003,0.181273345,0.499677427,0.487432629,0.411852297,87107.05022,0.0
G24051000102001,0.119361961,0.324962054,0.550345912,0.293245852,3617.753,0.0
G24051000102002,0.119224537,0.336808061,0.547765369,0.294117335,26109.60279,0.0
G24051000102003,0.114269323,0.355647435,0.546525209,0.257663252,80916.61412,0.0
G24051000102004,0.150913918,0.317646623,0.494053223,0.317734482,10542.44633,0.0
G24051000103001,0.122013497,0.428997519,0.502885903,0.311357744,81370.74282,0.163227995
G24051000103002,0.13956625,0.384021407,0.442650218,0.274393224,65564.68273,0.0
G24051000104001,0.116090408,0.410362102,0.510356423,0.246120884,79689.91788,0.0
G24051000104002,0.287272795,0.437562349,0.172201232,0.400829361,123096.5039,0.0
G24051000105001,0.309347244,0.440139404,0.247143442,0.467017433,13586.16315,0.0
G24051000105002,0.186207444,0.381770168,0.376811853,0.342912806,32992.82308,0.0
G24051000201001,0.283526279,0.340255753,0.243933995,0.416927357,-341.8470345,0.0
G24051000201002,0.178127176,0.332615461,0.278600122,0.292926706,61201.89912,0.0
G24051000202001,0.322661979,0.437798032,0.109808331,0.40124979,23856.7239,0.0
G24051000202002,0.201424706,0.309198238,0.252821553,0.34945556,49962.76086,0.0
G24051000203001,0.174846734,0.304739893,0.346113154,0.286235055,68374.87177,0.0
G24051000203002,0.260956476,0.164108384,0.295543915,0.291227827,111868.219,0.0
G24051000203003,0.231091285,0.101437621,0.230526606,0.32173726,160512.6105,0.0
G24051000301001,0.209507273,0.169585929,0.301449482,0.162992151,46165.75586,0.0
G24051000301002,0.31758083,0.49567088,0.174900393,0.415465497,-31560.82738,0.0
G24051000302001,0.333312226,0.287552627,0.337752552,0.347692175,38238.42722,0.0
G24051000302002,0.226057721,0.209161525,0.24776072,0.321769364,115704.357,0.0
G24051000601001,0.077471505,0.413424082,0.553636121,0.07901193,-1528.290709,0.0
G24051000601002,0.106166847,0.418047507,0.542127511,0.229503403,-18288.21279,0.0
G24051000601003,0.111911826,0.411193446,0.526319907,0.223285559,-9209.400445,0.0
G24051000601004,0.126911613,0.408331939,0.552159943,0.108683729,-17339.17806,0.0
G24051000602001,0.128880146,0.384608475,0.549270117,0.140307159,-20347.43338,0.0
G24051000602002,0.136534616,0.370357399,0.524516311,0.22625596,-9862.061971,0.0
G24051000602003,0.142873657,0.327194298,0.521601287,0.271583305,-12739.73263,0.0
G24051000602004,0.111341404,0.328392438,0.535121256,0.25570857,-18888.53986,0.0
G24051000602005,0.110608774,0.322331278,0.552159943,0.142003867,-11467.81417,0.0
G24051000603001,0.124328384,0.292433567,0.527255446,0.215459053,-18772.63423,0.0
G24051000603002,0.190139236,0.429973225,0.406811829,0.321055076,-18693.17692,0.0
G24051000604001,0.104133925,0.80139696,0.375794359,0.276082965,-20620.82633,0.0
G24051000604002,0.240166778,0.368203683,0.325169582,0.2807568,-28208.26366,0.0
G24051000701002,0.108735458,0.379441247,0.552159943,0.052166442,-4457.009378,0.0
G24051000702001,0.110588038,0.414294108,0.552159943,0.597139439,-92462.09708,0.0
G24051000703002,0.148870013,0.377298199,0.552159943,0.722956721,-136101.5253,0.0
G24051000801011,0.293091555,0.474775919,0.571231178,0.272569262,7068.358854,0.002248742
G24051000801012,0.128660256,0.530141309,0.56421152,0.068703914,780.7064078,0.0
G24051000801013,0.130327468,0.457981007,0.552159943,0.088493504,-1800.496952,0.0
G24051000801014,0.12428217,0.481990527,0.562258071,0.092783213,-8120.39519,0.0
G24051000801021,0.11537224,0.46015337,0.552159943,0.125244942,-17757.00189,0.0
G24051000801022,0.055916225,0.436647632,0.55176397,0.021931666,15374.74205,0.0
G24051000802001,0.121354725,0.597850736,0.552159943,0.388145459,-80028.63772,0.0
G24051000803021,0.133651626,0.573420538,0.552159943,0.367932736,-71032.50209,0.0
G24051000803022,0.085992016,0.485338604,0.552159943,0.188070615,-29379.31119,0.0
G24051000803023,0.076618347,0.475308901,0.552159943,0.111577928,-18709.73339,0.0
G24051000803024,0.097008972,0.571562052,0.55051324,0.244754637,-42699.99949,0.0
G24051000808001,0.272971641,0.879909365,0.074616208,0.687418588,-148989.9503,0.0
G24051000808002,0.251425951,0.426847694,0.263987,0.327668708,-66810.6743,0.0
G24051000901001,0.175703893,0.441241109,0.55257233,0.089451857,-24089.41937,0.032834741
G24051000901002,0.129416372,0.563398877,0.553720543,0.150550524,-6746.712197,0.336213723
G24051000901003,0.123596925,0.529839357,0.547778808,0.133517931,-5511.842992,0.0
G24051000901004,0.200446002,0.413867728,0.547168197,0.252940115,-51532.45783,0.0
G24051000901005,0.126698578,0.447062054,0.551064659,0.107230114,-18946.30409,0.0
G24051000902001,0.193684838,0.522513595,0.547890714,0.316920588,-28626.85644,0.0
G24051000902002,0.188396082,0.570339654,0.543851032,0.311622457,-42970.37591,0.113364717
G24051000903001,0.164114146,0.556235226,0.553982629,0.222391046,-10509.07814,0.367568094
G24051000903002,0.172952193,0.457094286,0.548682683,0.106899932,-16398.9032,0.0
G24051000903003,0.156315168,0.489503766,0.552159943,0.125143413,5848.783932,0.0
G24051000903004,0.134892638,0.422406823,0.549596441,0.13123527,-16991.02377,0.0
G24051000904001,0.112696777,0.444379227,0.546425247,0.037137562,-6034.800186,0.0
G24051000905002,0.164649377,0.420326375,0.523997107,0.171212691,-31078.84058,0.0
G24051000906001,0.393576029,0.419954445,0.482737285,0.340270186,-117359.1456,0.0
G24051000906003,0.164037502,0.43768858,0.552159943,0.140821733,-35090.77008,0.0
G24051000906004,0.178312236,0.460164185,0.552159943,0.118487367,-33772.59656,0.0
G24051001001001,0.098732857,0.805881582,0.552159943,0.013823595,-35243.46927,0.0
G24051001001003,0.239779259,0.511860244,0.384374306,0.158479185,-35138.00254,0.0
G24051001001004,0.107486531,0.672284719,0.520586803,0.135116196,-38504.73991,0.0
G24051001101001,0.584728808,0.280873983,0.079252555,0.552395357,11654.24665,0.626753888
G24051001102001,0.564859669,0.2949823,0.0,0.684803796,52882.40865,1.0
G24051001102003,0.265229211,0.102783214,0.259664406,0.226444447,100027.3606,0.061936091
G24051001201001,0.600604403,0.457998067,0.393094719,0.612328266,18986.32275,0.0
G24051001201002,0.55840292,0.501849758,0.360469852,0.724138104,139488.8449,0.0
G24051001201003,0.461945012,0.420516367,0.313388076,0.457895328,119544.4409,0.0
G24051001202011,0.302017657,0.402437034,0.385069071,0.370212954,11871.13151,0.0
G24051001202012,0.208020261,0.316525154,0.500994543,0.154497712,17497.05167,0.0
G24051001202024,0.469943081,0.340722678,0.162432002,0.72321167,-9517.48946,0.086907661
G24051001202025,0.860798761,0.332432072,0.082849721,0.942614735,-128340.2104,0.0
G24051001203001,0.255135098,0.387197654,0.422540929,0.269177626,-34007.18669,0.0
G24051001203002,0.23768639,0.335870715,0.487109915,0.16556107,-35943.96988,0.0
G24051001203003,0.238977026,0.298236591,0.454177862,0.2051695,-30147.99764,0.0
G24051001203004,0.314006592,0.324314153,0.355334485,0.280329256,-37705.68107,0.0
G24051001204001,0.552333517,0.251410777,0.074616208,0.876450981,-129372.44,0.0
G24051001204002,0.660067185,0.293023482,0.133020838,0.754268563,-157337.6248,0.0
G24051001205001,0.45595593,0.364647944,0.095561109,0.665689011,-55741.76048,0.64582939
G24051001205002,0.37455746,0.380030204,0.142836742,0.583781061,-76414.91481,0.818057752
G24051001206001,0.381525811,0.400205332,0.309199096,0.554955087,-34096.72592,0.051400629
G24051001206002,0.374783484,0.341330871,0.225376602,0.444635088,-36524.16154,0.0
G24051001206003,0.568461995,0.236399426,0.074616208,0.755645567,-89178.20294,0.0
G24051001207001,0.103821344,0.424828752,0.541691025,0.098058719,24658.023,0.043562943
G24051001207002,0.10591267,0.36300996,0.50460372,0.082481594,12958.89176,0.205232033
G24051001207003,0.079948381,0.356042668,0.539654706,0.06750489,13587.81887,0.342281992
G24051001301001,0.45765879,0.398394192,0.293896495,0.484002155,-114333.6469,0.0
G24051001301002,0.526643631,0.411268823,0.188696101,0.52366836,-140668.7641,0.778257842
G24051001301003,0.442276057,0.411622627,0.370558804,0.474374063,-109767.1474,0.04614533
G24051001301004,0.8965881,0.337455264,0.074616208,0.847609029,-207766.221,0.0
G24051001302001,0.528733216,0.288325948,0.132416891,0.543436449,-68286.38741,0.0
G24051001302002,0.606667606,0.317438696,0.074616208,0.638351457,-119300.2999,0.0
G24051001302003,0.787254056,0.380865269,0.045922594,0.85771381,-194075.9665,0.0
G24051001302004,0.609851977,0.330579879,0.103224819,0.562974002,-126969.6398,0.0
G24051001303001,0.550743618,0.343282641,0.208415478,0.572948299,-131421.7835,0.0
G24051001303002,0.195658781,0.324874868,0.434057729,0.187461991,-38671.58419,0.0
G24051001303003,0.125809796,0.363059069,0.484499742,0.146602765,-28249.63621,0.0
G24051001304001,0.442779919,0.406458065,0.24776072,0.523316823,-130139.7815,0.0
G24051001304002,0.194924538,0.397770051,0.491887433,0.111439187,-36156.41126,0.0
G24051001304003,0.42284539,0.381872078,0.191130316,0.575793577,-126878.3722,0.0
G24051001306001,0.124765543,0.293601894,0.500037791,0.14262877,57487.22855,0.143886378
G24051001306002,0.124270231,0.326394808,0.480235668,0.090760991,76189.87457,0.0
G24051001306003,0.123291877,0.32131486,0.53842349,0.124171483,46460.94256,0.0
G24051001306004,0.132338239,0.27683255,0.47945697,0.155927624,44789.69266,0.0
G24051001307001,0.694879729,0.398105433,0.333285731,0.66393133,24094.03723,0.0
G24051001307002,0.217095043,0.462861126,0.519290049,0.20003129,105055.5769,0.0
G24051001307003,0.12109586,0.350843151,0.535536585,0.117759668,48868.59988,0.0
G24051001307004,0.153096262,0.229263902,0.529657882,0.164915477,57514.90014,0.0
G24051001307005,0.160579066,0.474717718,0.503955056,0.170679519,45687.55041,0.0
G24051001307006,0.140922347,0.366680359,0.524069135,0.183619058,33986.45555,0.0
G24051001308031,0.081139914,0.608975381,0.577813119,0.121868218,62604.34323,0.543092667
G24051001308032,0.078003159,0.520181875,0.598479076,0.106602276,50669.82262,0.0
G24051001308033,0.098698518,0.527771682,0.558373337,0.112215416,33783.71427,0.0
G24051001308041,0.126247425,0.400378059,0.533251673,0.156165355,29191.67271,0.686406917
G24051001308042,0.108632656,0.357181749,0.48878434,0.134004279,40978.55122,0.347708183
G24051001308051,0.209118238,0.876613805,0.348949843,0.445081305,-38593.09844,0.091069079
G24051001308061,0.147155043,0.494284803,0.497747164,0.15763478,-12108.6342,0.342671229
G24051001401001,0.55474819,0.164545847,0.077447495,0.621691399,75176.53981,0.0
G24051001401002,0.698224299,0.262940397,0.105462335,0.79368017,-30204.90968,0.0
G24051001401003,0.477642381,0.605600905,0.172671855,0.58057505,-41734.52897,0.0
G24051001401004,0.521192133,0.484962026,0.239379601,0.680553746,10679.87793,0.0
G24051001403002,0.160593854,0.843952586,0.47256932,0.341103859,-130519.5423,0.0
G24051001403003,0.884230328,0.4204882,0.00976459,0.866780775,-184568.7628,0.0
G24051001504001,0.199415107,0.455463915,0.552159943,0.064357615,-30994.15079,0.0
G24051001505002,0.175289339,0.51618733,0.554311041,0.095297667,-24931.41808,0.099303796
G24051001506005,0.346326658,0.679804893,0.464722358,0.385474997,-119036.5822,0.0
G24051001507011,0.434078917,0.486158794,0.47035847,0.372644474,-119956.4002,0.0
G24051001507012,0.212707384,0.483386706,0.522772636,0.182515934,-40167.35238,0.0
G24051001507013,0.15667879,0.478470944,0.552159943,0.079724927,-10783.29803,0.0
G24051001507021,0.146755047,0.525597236,0.558243303,0.075141671,-19023.49104,0.252966852
G24051001507022,0.196953336,0.420187333,0.560276834,0.212849553,-51709.58027,0.0
G24051001507023,0.284671572,0.436983747,0.49744139,0.20640688,-61900.55206,0.0
G24051001508001,0.407272017,0.4190883,0.544924432,0.415847165,-128009.7212,0.0
G24051001508002,0.424316312,0.466008464,0.421326043,0.400423597,-119826.5442,0.0
G24051001508003,0.40568301,0.431532892,0.469410962,0.42008792,-118082.4894,0.0
G24051001508004,0.419844642,0.411916281,0.424286858,0.461339813,-114263.8291,0.0
G24051001508005,0.366830828,0.411452157,0.497359842,0.379244583,-110489.9228,0.0
G24051001508006,0.514811415,0.403437735,0.442282623,0.611325327,-162196.2781,0.0
G24051001509001,0.239533418,0.439649207,0.528933108,0.226015627,-67795.25467,0.0
G24051001509002,0.186706824,0.485441264,0.555119925,0.172376135,-47124.48868,0.0
G24051001509003,0.306496837,0.460196984,0.56072575,0.299720841,-70729.26577,0.0
G24051001509004,0.280922146,0.433915165,0.559712338,0.257329602,-70064.50952,0.0
G24051001510001,0.159796099,0.489994221,0.623791503,0.140728187,-26171.70165,0.0
G24051001510002,0.214647951,0.441639752,0.557396168,0.206055343,-48301.07319,0.0
G24051001510003,0.379700189,0.442411164,0.45278668,0.440776921,-109905.4558,0.0
G24051001510004,0.414506775,0.419098862,0.478917039,0.534445211,-139998.2006,0.0
G24051001510005,0.419836564,0.405324006,0.485834424,0.482108961,-114556.6669,0.0
G24051001510006,0.308857524,0.419932366,0.523637706,0.372144231,-84601.74098,0.0
G24051001510007,0.249532624,0.556216615,0.540645563,0.277758927,-69765.94354,0.0
G24051001511001,0.133797526,0.532956018,0.571954502,0.112292607,-16750.81584,0.0
G24051001511002,0.145755704,0.610904441,0.552159943,0.251811154,-43007.62481,0.0
G24051001511003,0.211538969,0.548651542,0.567164732,0.193103249,-30559.48919,0.043294298
G24051001511004,0.325714693,0.499690961,0.544698322,0.338842675,-47541.02877,0.0
G24051001511005,0.262060977,0.487754068,0.585646241,0.255034634,-56932.57437,0.0
G24051001511006,0.368186357,0.457888807,0.542934666,0.353045439,-71572.63859,0.0
G24051001513005,0.115186552,0.494472663,0.552159943,0.17551563,-40355.01866,0.0
G24051001605001,0.137969964,0.496053874,0.552159943,0.098494638,-25472.36143,0.056803065
G24051001605002,0.224141489,0.450673116,0.552159943,0.125328353,-50099.27433,0.14183897
G24051001605003,0.143078785,0.428645212,0.552159943,0.046669195,-25150.4966,0.187292616
G24051001605004,0.176329752,0.47663442,0.552159943,0.133735421,-38700.30272,0.153652966
G24051001605005,0.131868884,0.471822584,0.552159943,0.161840566,-26375.79431,0.494657525
G24051001606001,0.129286936,0.430904768,0.546987989,0.040861853,-24814.33055,0.0
G24051001606002,0.137712155,0.441062783,0.552159943,0.030622768,-25704.69124,0.133029311
G24051001606003,0.114500949,0.442100985,0.552159943,0.042056196,-15391.6169,0.0
G24051001606004,0.130832996,0.419757103,0.543632376,0.053262616,-36702.47485,0.0
G24051001606005,0.108908883,0.455811779,0.542632886,0.058973359,-17303.93216,0.0
G24051001607001,0.151499309,0.496929488,0.552159943,0.105723819,-40693.56721,0.519496246
G24051001607002,0.151667112,0.483587028,0.552159943,0.040455212,-33391.89359,0.054079784
G24051001607003,0.171960871,0.450407286,0.552159943,0.128235882,-46136.92727,0.0
G24051001607004,0.12988443,0.482384876,0.552159943,0.041812578,-17525.68386,0.0
G24051001607005,0.172651124,0.411177541,0.548582836,0.084567965,-30993.80513,0.0
G24051001607006,0.167608869,0.428161869,0.550470519,0.076351727,-28796.08142,0.0
G24051001607007,0.178573086,0.413257741,0.552159943,0.061281373,-29865.25424,0.0
G24051001608011,0.098262719,0.597743015,0.552159943,0.101844645,-12565.06749,0.0
G24051001608012,0.093775539,0.578453146,0.552159943,0.086036277,-10275.81079,0.0
G24051001608013,0.112467304,0.554420998,0.552159943,0.069876398,-7183.982186,0.0
G24051001608014,0.195286539,0.482794183,0.552159943,0.171979728,-44014.6989,0.0
G24051001608021,0.125230473,0.445463914,0.552159943,0.039671514,-9451.365342,0.0
G24051001608022,0.173597454,0.461383741,0.543092657,0.181169691,-40166.89647,0.0
G24051001608023,0.118352998,0.547221129,0.552159943,0.10987075,-18133.15706,0.0
G24051001701001,0.184135588,0.433915679,0.222819436,0.228961481,12048.61037,0.0
G24051001701002,0.190063081,0.44199208,0.20298818,0.263179987,9365.381004,0.0
G24051001702002,0.702331143,0.296455285,0.074616208,0.968205498,-226343.4851,0.0
G24051001703002,0.186060845,0.905931275,0.558792495,0.415317071,-97620.366,0.0
G24051001803001,0.365727519,0.308639375,0.130479815,0.440619575,-35724.68094,0.0
G24051001803002,0.214461751,0.344270654,0.163302902,0.225013192,20963.27084,0.0
G24051001901001,0.192576029,0.410797791,0.156480849,0.041812578,4383.100182,0.0
G24051001902001,0.374722716,0.137129907,0.113297954,0.410928764,-14169.55395,0.0
G24051001903001,0.437264634,0.126810306,0.079207975,0.521998562,-47759.78289,0.0
G24051002002001,0.132363627,0.486425688,0.552159943,0.084251252,-27357.03875,0.0
G24051002002004,0.136798035,0.383701337,0.552159943,0.004967762,-18922.96766,0.276462662
G24051002002005,0.105482631,0.429662989,0.552159943,0.005508902,-9828.356512,0.139866349
G24051002005001,0.129977959,0.414294108,0.450120683,0.074792603,-22609.94345,0.0
G24051002005002,0.092696202,0.413547437,0.52949685,0.021823528,-10459.78692,0.806972672
G24051002005003,0.063754842,0.414562074,0.549545652,0.010638386,983.3024629,0.0
G24051002005004,0.092670804,0.4377513,0.511191043,0.009979629,-516.4700961,0.003758347
G24051002005005,0.090068273,0.387842311,0.502437385,0.014267909,-268.7813231,0.0
G24051002006001,0.082579588,0.470714759,0.550751259,0.030886066,-4186.984553,0.096154111
G24051002006002,0.095854641,0.432282658,0.552159943,0.03508568,-4913.973077,0.137301227
G24051002006003,0.104597548,0.505913499,0.550387981,0.073337359,-18299.40205,0.0
G24051002007011,0.124069091,0.464471656,0.552159943,0.110133668,-23329.25499,0.0
G24051002007012,0.121653414,0.495919363,0.552159943,0.095762759,-20523.07237,0.0
G24051002007013,0.077079073,0.582188568,0.552159943,0.106001244,-13435.22523,0.0
G24051002007014,0.154259367,0.451986806,0.552159943,0.146212191,-33910.67432,0.0
G24051002007015,0.166357083,0.460948085,0.552159943,0.140569159,-36071.84508,0.0
G24051002007021,0.128947524,0.455837923,0.553680783,0.081523061,-22630.57701,0.0
G24051002007022,0.125785796,0.47374515,0.554291835,0.071153301,-20290.8209,0.0
G24051002008001,0.199610395,0.417460104,0.528097662,0.141245954,-31556.87277,0.051680313
G24051002008002,0.263179687,0.37775677,0.505763514,0.21158246,-50604.58215,0.0
G24051002008003,0.12948372,0.417621466,0.549082986,0.043524182,-12818.24012,0.0
G24051002101001,0.081146999,0.309734814,0.479054482,0.18946153,20888.57111,0.0
G24051002101002,0.116381882,0.346802095,0.372641045,0.222727404,29289.1642,0.0
G24051002102001,0.100396267,0.284228692,0.529169148,0.10573089,12100.05892,0.170007447
G24051002102002,0.107733534,0.358045678,0.502945356,0.143514334,5698.63591,0.0
G24051002201001,0.198569725,0.310815201,0.310715256,0.302557295,66525.26429,0.0
G24051002201002,0.273542194,0.608466059,0.288647858,0.398695099,142891.1634,0.0
G24051002201004,0.245660691,0.356767355,0.255587393,0.357497065,182113.5402,0.0
G24051002301001,0.215352854,0.323241116,0.41147511,0.348316129,59336.51734,0.0
G24051002301002,0.213738639,0.323195633,0.252036971,0.288226946,50091.04962,0.0
G24051002302001,0.146066953,0.217466127,0.391735095,0.241358772,135077.2961,0.0
G24051002302002,0.136340741,0.256095747,0.443940906,0.297109251,91431.45432,0.0
G24051002303001,0.115014522,0.291923023,0.552159943,0.043720918,23926.37697,0.0
G24051002303002,0.102597893,0.249689536,0.483545356,0.269449261,72487.64445,0.0
G24051002401001,0.211960724,0.431274544,0.362724219,0.338926626,135749.7757,0.0
G24051002401002,0.14943439,0.340185884,0.443418056,0.312750835,104289.2161,0.0
G24051002402001,0.225287175,0.428841626,0.340122138,0.430196371,118543.9869,0.0
G24051002402002,0.148181657,0.203470804,0.455738329,0.305792734,140045.5034,0.0
G24051002403001,0.202571816,0.20928508,0.281714257,0.392674468,152247.781,0.0
G24051002403002,0.235197692,0.182664579,0.244259449,0.365423812,165160.1451,0.0
G24051002403003,0.211633689,0.198276739,0.343885417,0.376788623,139455.4255,0.0
G24051002404001,0.135531581,0.279714967,0.456923301,0.324834039,93217.56759,0.0
G24051002404003,0.145692798,0.359741819,0.513116906,0.274038404,102894.4054,0.0
G24051002501011,0.120472548,0.574506698,0.587139261,0.115982572,-13128.62566,0.171350612
G24051002501012,0.082202622,0.639993474,0.548429132,0.039453244,4559.348386,0.029419708
G24051002501021,0.08790121,0.544001052,0.552159943,0.065252185,2367.894839,0.03538069
G24051002501022,0.063254378,0.619510782,0.561016466,0.039417244,4107.041299,0.0
G24051002501031,0.083099659,0.560189425,0.554044984,0.080381128,18637.58276,0.00995816
G24051002501032,0.046182043,0.626924954,0.552159943,0.037394357,28856.14837,0.0
G24051002501033,0.080798844,0.546464631,0.614944577,0.101389272,13998.16649,0.0
G24051002501034,0.100322083,0.539287431,0.596990579,0.076162693,8654.67897,0.0
G24051002502031,0.046491872,0.641114836,0.552159943,0.068406215,-12791.01174,0.038263048
G24051002502032,0.022674231,0.610544453,0.552159943,0.0,-1185.53521,0.0
G24051002502041,0.089190333,0.842592907,0.573866476,0.044588345,-41238.96209,0.0
G24051002502042,0.0,0.565606497,0.564838095,0.003105369,-3002.830059,0.0
G24051002502051,0.238552884,0.537446286,0.714728023,0.277391027,-74696.96957,0.0
G24051002502052,0.056140596,0.669328827,0.556993381,0.006558512,2637.934106,0.0
G24051002502053,0.064555798,0.63777726,0.557615188,0.002351198,-151.4796448,0.0
G24051002502054,0.094576558,0.602343857,0.577243048,0.036492358,-12692.65708,0.267477368
G24051002502055,0.077094049,0.633131751,0.654490743,0.027239802,-20590.95449,0.0
G24051002502061,0.130976024,0.487196882,0.558402345,0.109514984,-8767.001311,0.029720242
G24051002502062,0.076736704,0.569013187,0.587372764,0.04782674,6270.116673,0.014494904
G24051002502063,0.116151313,0.548131332,0.659063165,0.130312472,-19558.69193,0.0
G24051002502072,0.06744469,0.62554286,0.557465984,0.016792124,-9623.07642,0.084747742
G24051002503011,0.102916146,0.429125191,0.552731852,0.019529569,-8996.16765,0.018746009
G24051002503012,0.092295677,0.621477202,0.555755905,0.033431978,-16772.75204,0.041297434
G24051002503031,0.054777046,0.529637675,0.552159943,0.02000419,16242.79594,0.545030929
G24051002503032,0.042597267,0.539469531,0.552159943,0.021615982,18874.03506,0.0
G24051002503033,0.122241405,0.429230035,0.569472707,0.086817109,-2537.469483,0.0
G24051002504011,0.099659822,0.511736135,0.557509211,0.13558163,-20798.74741,0.0
G24051002504012,0.147074917,0.437412792,0.602146736,0.1133055,-12991.66263,0.0
G24051002504013,0.12440855,0.48639419,0.577184069,0.163137985,-27872.35693,0.051017167
G24051002504021,0.065069266,0.542440144,0.552159943,0.188294103,-27952.6315,0.0
G24051002504022,0.087138999,0.548902302,0.552159943,0.412923096,-75317.38805,0.0
G24051002504023,0.083434947,0.579928594,0.611756786,0.178641458,-25451.66371,0.0
G24051002504024,0.091222373,0.519181069,0.555977516,0.089210411,-7388.783656,0.246323913
G24051002505002,0.215389143,0.529804996,0.552159943,0.384619788,-91067.55557,0.016181784
G24051002505003,0.125572148,0.494140749,0.572922714,0.117012226,-27115.18493,0.0
G24051002505004,0.087789495,0.557757646,0.557261906,0.230640348,-41865.14491,0.0
G24051002505005,0.046595952,0.574792063,0.581138577,0.078087921,-9400.554363,0.0
G24051002601011,0.236679299,0.441084165,0.616345929,0.274383788,-26908.39016,0.061682665
G24051002601012,0.135139254,0.561438224,0.663216625,0.133945445,-7240.273207,0.0
G24051002601013,0.16959866,0.651016815,0.738772907,0.241132178,-58038.2085,0.0
G24051002601014,0.172391277,0.57089386,0.717800113,0.182749961,-37303.02363,0.032453954
G24051002601015,0.165643616,0.487860968,0.662300501,0.188966775,-21778.27078,0.107544916
G24051002601021,0.101379832,0.655027571,0.556518861,0.057791536,-6801.397348,0.0
G24051002601022,0.102373909,0.653850528,0.554010888,0.063322082,-4373.795952,0.01690445
G24051002601023,0.14611789,0.607280015,0.736962826,0.163449629,-36592.83354,0.0
G24051002601024,0.116442426,0.585535041,0.785674448,0.126900019,-30430.65506,0.026274274
G24051002601025,0.153948523,0.50630909,0.708624784,0.192968716,-29935.30667,0.0
G24051002602011,0.162841832,0.479353472,0.623865426,0.206934184,-20717.0695,0.0
G24051002602012,0.15316821,0.564410336,0.699828079,0.211090713,-40462.80705,0.010912301
G24051002602013,0.096398649,0.509676343,0.688730215,0.140222188,-9727.157247,0.0
G24051002602014,0.200747233,0.521181505,0.678855219,0.208655994,-45758.62272,0.000587271
G24051002602021,0.079185142,0.527654232,0.582154425,0.170885738,-15354.98575,0.0
G24051002602023,0.059290148,0.633790534,0.552159943,0.03028721,7297.580331,0.0
G24051002602024,0.124247767,0.530305322,0.552159943,0.207605055,-23899.70171,0.1146629
G24051002602031,0.097148113,0.656290774,0.554608885,0.026839451,-3788.767965,0.0
G24051002602032,0.07775673,0.636183848,0.632709488,0.053147656,-6737.932536,0.0
G24051002603011,0.127787688,0.462225731,0.552159943,0.081143129,-4367.694434,0.0
G24051002603012,0.115587784,0.523755365,0.552993353,0.103718719,-8409.337373,0.0
G24051002603013,0.102449312,0.543495208,0.560489194,0.190174897,-23472.22076,0.079825906
G24051002603014,0.091717337,0.51283129,0.552159943,0.125823906,-10014.67945,0.104784677
G24051002603015,0.102716348,0.528010598,0.572762754,0.152237524,-15336.52957,0.062079281
G24051002603021,0.037593513,0.614055345,0.552159943,0.024190253,12962.55023,0.0
G24051002603022,0.024216799,0.613509405,0.552159943,0.013149817,16936.04645,0.0
G24051002603023,0.061314278,0.632120595,0.552159943,0.050616014,1770.413569,0.0
G24051002603024,0.055006234,0.596560849,0.552159943,0.095190117,367.9419256,0.0
G24051002603025,0.099910785,0.578983299,0.552159943,0.244061118,-33629.04033,0.0
G24051002603026,0.112739776,0.544157051,0.552159943,0.224095353,-31770.7298,0.0
G24051002603031,0.233959317,0.978628764,0.217879329,0.316613499,677.3768531,0.0
G24051002604021,0.151976846,0.73571161,0.504817245,0.1226867,-33028.63718,0.0
G24051002604022,0.196935258,0.851185631,0.419073984,0.280699171,32302.32208,0.00634855
G24051002604031,0.096336187,0.672728611,0.552159943,0.032838224,-2098.738708,0.0
G24051002604042,0.10526824,0.338665022,0.53506119,0.02471073,8346.345316,0.106256048
G24051002604043,0.097216783,0.382068608,0.5452012,0.107697225,1204.747636,0.038348968
G24051002605011,0.087632274,0.543347948,0.550449849,0.195491159,-4714.760484,0.0
G24051002605012,0.091402644,0.500390018,0.552159943,0.141294989,-43.9533824,0.0
G24051002605013,0.044204254,0.587819947,0.583670728,0.050389465,18466.96141,0.0
G24051002606041,0.017369439,0.626956756,0.556622968,0.014739123,11876.57087,0.0
G24051002606042,0.094832901,0.550255444,0.552159943,0.20987492,-32737.06351,0.0
G24051002606043,0.019678831,0.621721716,0.552159943,0.029878735,2110.190191,0.0
G24051002606051,0.142223358,0.586343607,0.681127828,0.144664224,-15300.03403,0.08533359
G24051002606052,0.057935485,0.608957879,0.609974745,0.061799239,-8499.5122,0.065871163
G24051002606053,0.039034258,0.607221495,0.569368726,0.023090218,6880.758461,0.0
G24051002606054,0.092169176,0.475498594,0.59651385,0.106436169,-4353.238066,0.0
G24051002606055,0.192488501,0.427211056,0.439406561,0.341103859,24415.41914,0.0
G24051002607001,0.14776914,0.523209634,0.453640892,0.260692036,-23929.76488,0.0
G24051002607002,0.141360726,0.508237875,0.477363936,0.182506649,-10559.21772,0.0
G24051002608001,0.081849677,0.413185799,0.552159943,0.080952252,4602.42333,0.0
G24051002608002,0.121364702,0.416988808,0.547211303,0.130565207,-2085.469784,0.0
G24051002609001,0.148204174,0.416402251,0.527736441,0.26785452,42829.12564,0.0
G24051002609002,0.136999485,0.413481833,0.534932535,0.246409728,69405.77965,0.0
G24051002609003,0.177512264,0.371694806,0.439683289,0.387594491,68740.36494,0.0
G24051002610001,0.075676928,0.457688911,0.552838272,0.052368082,-4348.63766,0.0
G24051002610002,0.072582185,0.462777188,0.554177733,0.04681189,-750.0836986,0.0
G24051002610003,0.152992299,0.390512558,0.543842781,0.197260559,-25345.48679,0.0
G24051002610004,0.135202287,0.334593239,0.54904456,0.296295817,-3812.415722,0.0
G24051002611001,0.164388459,0.390370077,0.51865638,0.343699855,31881.90114,0.0
G24051002611002,0.211486368,0.447464604,0.464462868,0.393980772,85250.53184,0.0
G24051002701011,0.182770059,0.471207617,0.657195138,0.226623811,-1825.431646,0.0
G24051002701012,0.166464871,0.470998594,0.539532585,0.188681339,-21938.86523,0.0
G24051002701021,0.129958671,0.559002308,0.596715459,0.143657656,-2071.832655,0.0
G24051002701022,0.114695475,0.466393141,0.667982117,0.211939641,-15251.87807,0.0
G24051002701023,0.147871506,0.478645825,0.656250174,0.228728263,-24815.7345,0.0
G24051002701024,0.145989521,0.54762393,0.607552264,0.179642002,-11582.07613,0.0
G24051002702001,0.206658694,0.462586294,0.605638815,0.205869595,-13375.25244,0.0
G24051002702002,0.250426983,0.442049289,0.632615681,0.377887799,-58215.9311,0.007570013
G24051002702003,0.234920661,0.40109408,0.601480033,0.2929626,-38129.34143,0.0
G24051002703011,0.275069067,0.440639636,0.580878209,0.308626015,-44892.76908,0.0
G24051002703012,0.178193682,0.450102023,0.681160851,0.2407666,-25003.19943,0.0
G24051002703013,0.161216957,0.488842011,0.750679081,0.263179987,-37496.33147,0.083628094
G24051002703014,0.151037029,0.515078934,0.683962014,0.229249706,-27110.39406,0.004855646
G24051002703021,0.193929449,0.457413895,0.65695757,0.315813995,-41197.08011,0.0
G24051002703022,0.163521556,0.45400723,0.643381763,0.267084314,-23442.20945,0.0
G24051002704011,0.127452442,0.57371613,0.589311889,0.133850466,-10780.17888,0.0
G24051002704012,0.113417396,0.585511082,0.608851587,0.120267729,-5000.45931,0.031649425
G24051002704013,0.159202915,0.521557486,0.617901096,0.303196273,-44344.88221,0.0
G24051002704014,0.166571225,0.530033194,0.65067421,0.314558364,-39510.12938,0.0
G24051002704021,0.154408046,0.592353598,0.700770558,0.165079397,-14871.31007,0.0
G24051002704022,0.191855829,0.496752519,0.689657055,0.245396387,-26932.90439,0.0
G24051002704023,0.244947539,0.459074534,0.65151468,0.341626838,-42720.74073,0.0
G24051002704024,0.208537224,0.500273856,0.625948396,0.281174632,-37132.55524,0.0
G24051002705011,0.184599999,0.543296476,0.726236639,0.262433708,-23278.25683,0.0
G24051002705012,0.116853066,0.527487362,0.76828965,0.234390379,-7279.721485,0.0
G24051002705013,0.117442034,0.628686859,0.600547424,0.095441261,7993.160188,0.0
G24051002705014,0.131134787,0.52698352,0.675529691,0.191858614,-2870.190637,0.0
G24051002705021,0.208002947,0.529345027,0.655645718,0.341581303,-50457.25644,0.0
G24051002705022,0.13239564,0.595029122,0.67647918,0.149026574,-13613.7014,0.0
G24051002705023,0.149138025,0.542269496,0.745470957,0.182296496,-18712.15286,0.0
G24051002705024,0.194864942,0.482525259,0.692448464,0.257107997,-23186.33134,0.0
G24051002706001,0.184154088,0.467216086,0.663312364,0.244754637,-22309.4871,0.0
G24051002706002,0.215022957,0.441440352,0.610593564,0.271634656,-29404.82299,0.0
G24051002706003,0.13036822,0.523706296,0.701229856,0.196024438,-17676.712,0.027515643
G24051002706004,0.152347657,0.469087458,0.743092008,0.224705946,-28365.70772,0.0
G24051002706005,0.093106359,0.615737639,0.885285209,0.112359589,-25993.04102,0.0
G24051002706006,0.091793142,0.621948427,0.557670063,0.03762891,13041.87371,0.0
G24051002707022,0.114083435,0.609907887,0.836077751,0.182917463,-35995.24561,0.401737873
G24051002707023,0.15588015,0.470314638,0.681365499,0.207664649,-15715.42109,0.0
G24051002707031,0.15523344,0.517902503,0.635166472,0.200688003,1052.212743,0.0
G24051002707032,0.14079114,0.504779326,0.701084664,0.208093891,6321.889727,0.0
G24051002707033,0.07434159,0.609591351,0.910602674,0.149043964,-21608.12713,0.0
G24051002708011,0.08059868,0.630341034,0.552159943,0.052658711,9665.611313,0.0
G24051002708012,0.11307845,0.622674956,0.552159943,0.051200639,2907.770436,0.0
G24051002708013,0.144892501,0.612549133,0.557571203,0.154950634,-17263.56018,0.0
G24051002708014,0.085611713,0.6158817,0.567602899,0.073105552,9704.525352,0.0
G24051002708021,0.103643688,0.621395082,0.555062944,0.041081724,10698.17581,0.0
G24051002708022,0.111148315,0.601354999,0.552159943,0.047017141,2932.946712,0.0
G24051002708023,0.148729048,0.581003168,0.552159943,0.083500394,-5411.118489,0.08310413
G24051002708024,0.133268809,0.610601739,0.552159943,0.145373817,-16802.42533,0.0
G24051002708025,0.111679616,0.60153797,0.552159943,0.063507388,3380.864353,0.0
G24051002708031,0.094084828,0.594798692,0.552159943,0.085068278,5745.008711,0.001931615
G24051002708032,0.130997612,0.603642968,0.552159943,0.065475991,-2349.502779,0.066411054
G24051002708033,0.119288752,0.603200246,0.552159943,0.062988823,5444.20443,0.0
G24051002708041,0.144726461,0.558977522,0.644485065,0.239134906,579.3121503,0.0
G24051002708042,0.143432039,0.624661567,0.546519663,0.317875708,-30873.83103,0.0
G24051002708043,0.186939566,0.514182317,0.567827388,0.289476006,-872.1346257,0.0
G24051002708044,0.140256516,0.466879042,0.742501667,0.203949442,41776.99892,0.0
G24051002708051,0.123536311,0.620908486,0.55557911,0.05052991,-530.7641098,0.0
G24051002708052,0.041016686,0.589147093,0.550369154,0.036087559,15843.8271,0.0
G24051002708053,0.16469557,0.543068332,0.573260713,0.257898767,-52563.29041,0.0
G24051002708054,0.129873884,0.512955796,0.562783267,0.138652733,-15883.23622,0.0
G24051002708055,0.166641298,0.529230439,0.537815121,0.153672352,2750.751064,0.008988151
G24051002709011,0.11683679,0.567752394,0.552159943,0.046612342,6649.135372,0.0
G24051002709012,0.127307298,0.566362567,0.552159943,0.06638827,1713.827499,0.0
G24051002709013,0.116952967,0.584232019,0.553937401,0.075566041,1531.620581,0.0
G24051002709021,0.135125993,0.610476886,0.552159943,0.084810892,-4453.068893,0.0
G24051002709022,0.122412664,0.597469581,0.552159943,0.098499653,-1228.426789,0.0
G24051002709023,0.14226203,0.620945498,0.552159943,0.135911075,-15262.54599,0.0
G24051002709031,0.144734366,0.564480554,0.549477113,0.30940898,-43720.9196,0.0
G24051002709032,0.171977024,0.54496589,0.556055987,0.204328391,28225.14529,0.0
G24051002709033,0.173125649,0.562126274,0.552159943,0.364445111,-59701.07557,0.0
G24051002710011,0.140014504,0.448839805,0.550632618,0.06009846,-16266.90101,0.0
G24051002710012,0.082379724,0.53792362,0.602962468,0.0926475,-15303.12379,0.0
G24051002710013,0.155615531,0.415631126,0.537126159,0.104363714,-19143.0323,0.0
G24051002710021,0.150585724,0.544392311,0.589119716,0.147648068,-22981.67313,0.0
G24051002710022,0.098993437,0.479595435,0.54857478,0.059795671,-2380.620285,0.0
G24051002710023,0.198560477,0.473706519,0.500507253,0.133412885,-24206.98135,0.0
G24051002710024,0.19998568,0.48270178,0.467117908,0.203707755,-47332.20521,0.011191301
G24051002710025,0.129607653,0.487450735,0.54896567,0.073750143,-22640.1495,0.0
G24051002711011,0.25367649,0.868932138,0.100153307,0.416051265,75866.69036,0.0
G24051002711013,0.17092259,0.451916287,0.646432331,0.193145771,-8241.772969,0.0
G24051002711021,1.0,0.513897731,0.410153517,1.0,142338.3475,0.043113353
G24051002711022,0.517969911,0.45633023,0.485691018,0.490994489,68006.00735,0.083528243
G24051002712001,0.397809961,0.454474221,0.471315925,0.403074812,71632.07162,0.0
G24051002712002,0.219419309,0.468174646,0.575884071,0.256757689,26090.70603,0.0
G24051002712003,0.304666509,0.498316656,0.494412373,0.41188646,114014.3015,0.0
G24051002712004,0.552914807,0.496663328,0.463458515,0.681530921,193298.1399,0.008193563
G24051002712005,0.510316689,0.554574148,0.48031708,0.612211945,194603.6524,0.0
G24051002712006,0.441429993,0.626028827,0.569329157,0.476511945,81862.86379,0.0
G24051002713001,0.55131203,0.579741556,0.571397487,0.663614781,124276.332,0.012059912
G24051002713002,0.348901226,0.356832903,0.433515537,0.359426686,105429.5414,0.0
G24051002713003,0.636335069,0.405338983,0.412190228,0.591765379,151152.85,0.006592624
G24051002714001,0.864644246,0.326420014,0.338402271,0.87575704,167203.1135,0.0
G24051002714002,0.438953364,0.3527699,0.429249701,0.467006162,112808.6457,0.0
G24051002714003,0.440623716,0.554870288,0.439451075,0.500761879,79887.38336,0.105204344
G24051002715011,0.303693705,0.494230731,0.656927191,0.392674468,54097.37257,0.302386646
G24051002715012,0.45042982,0.526995693,0.620380476,0.57209248,49250.40279,0.042460009
G24051002715013,0.40160447,0.517537089,0.53153513,0.495287354,45230.6206,0.0
G24051002715014,0.313118526,0.497400149,0.595664986,0.351764146,51044.68504,0.0
G24051002715015,0.494249923,0.791259806,0.61460797,0.600222142,5223.527188,0.0
G24051002716001,0.088898896,0.572164353,0.599463803,0.060283866,-11130.61746,0.0
G24051002716002,0.092515966,0.59313945,0.568873974,0.208410636,-31307.02402,0.0
G24051002716005,0.207859334,0.476412002,0.686326992,0.183029718,-78581.42825,0.0
G24051002717002,0.1085226,0.493300683,0.549069045,0.076422079,-17617.15209,0.0
G24051002717003,0.167666825,0.619216806,0.601745155,0.172701515,-40193.14628,0.0
G24051002717004,0.124652522,0.550503166,0.569101627,0.08131648,-21680.77936,0.0
G24051002717005,0.131961657,0.547452727,0.552159943,0.074396296,-33179.44157,0.0
G24051002718013,0.109659909,0.549755261,0.552159943,0.13083769,-26241.08035,0.0
G24051002719001,0.325229946,0.534498206,0.655793566,0.396763768,-11244.19562,0.0
G24051002719002,0.153671592,0.556750574,0.72141595,0.215833836,-45030.40959,0.0
G24051002719003,0.177247361,0.510806779,0.698554498,0.239091108,-51633.59209,0.0
G24051002719004,0.230472141,0.551797914,0.54331654,0.273075081,-57910.37999,0.0
G24051002719005,0.143142663,0.57159822,0.594503722,0.153943988,-26909.60145,0.0
G24051002720031,0.301882997,0.616901689,0.672631203,0.413158141,-16332.36674,0.0
G24051002720032,0.312831452,0.658591293,0.884269904,0.48055723,-66740.06741,0.060810772
G24051002720033,0.19711258,0.55447999,0.723653549,0.270560306,-50101.34907,0.0
G24051002720034,0.388047865,0.607154538,0.621684692,0.463948552,-59248.39018,0.0
G24051002720035,0.261799565,0.634378505,0.814808997,0.406782551,-1153.132169,0.009020802
G24051002720042,0.326083183,0.685482592,0.733705495,0.469627648,-22542.08716,0.0
G24051002720051,0.320228016,0.608549466,0.604007548,0.282263384,-4022.783985,0.0
G24051002720052,0.310210048,0.610119222,0.659913401,0.34949566,-18900.00766,0.0
G24051002720053,0.482212229,0.617380667,0.752342417,0.558683502,-22360.97507,0.0
G24051002720061,0.122719226,0.638950116,0.582307906,0.119476222,-13971.9457,0.0
G24051002720062,0.267185847,0.535377077,0.6139474,0.303606657,-56175.94516,0.0
G24051002720071,0.183062228,0.589979631,0.570157822,0.262844349,-44025.74416,0.0
G24051002720072,0.1726706,0.577982883,0.55760721,0.152960669,-17925.64928,0.0
G24051002801011,0.077271173,0.632478589,0.55524751,0.012422501,16788.46819,0.0
G24051002801012,0.112625166,0.624309349,0.783402967,0.205414027,-54635.55118,0.0
G24051002801013,0.100625543,0.542377849,0.552159943,0.067891658,-5774.456275,0.0
G24051002801022,0.301240979,0.513311793,0.538536323,0.351032383,-83199.88899,0.0
G24051002801023,0.273875872,0.474246202,0.57052701,0.319164701,-66325.66912,0.0
G24051002801024,0.142106157,0.564413032,0.652535377,0.160652307,-29190.59923,0.0
G24051002801025,0.156539237,0.540327284,0.685072362,0.172698361,-33362.36287,0.0
G24051002801026,0.217451881,0.534568224,0.575700831,0.302690682,-61088.12897,0.0
G24051002802001,0.409145835,0.447388476,0.502415804,0.42911609,-98828.62679,0.0
G24051002802002,0.204633152,0.471323024,0.671545876,0.174608132,-35953.26779,0.0
G24051002802003,0.193641811,0.493196062,0.686394873,0.273148925,-47672.64536,0.0
G24051002802004,0.194573302,0.493673692,0.631450223,0.162362039,-34862.8312,0.0
G24051002802005,0.285365324,0.458605137,0.610648729,0.300906818,-68417.08563,0.0
G24051002802006,0.258093938,0.440043925,0.612063839,0.266484179,-52407.73385,0.0
G24051002803011,0.273251679,0.425621702,0.600559646,0.223465889,-15227.58174,0.0
G24051002803012,0.238352467,0.475042611,0.699260468,0.242903877,-25654.16636,0.009382863
G24051002803013,0.228270119,0.292966497,0.565116556,0.229007391,75543.31537,0.003629868
G24051002803021,0.192837894,0.563946087,0.715357228,0.22396273,-61834.42187,0.0
G24051002803022,0.325652483,0.565665199,0.571110091,0.400580447,-106705.0263,0.03540825
G24051002804011,0.207803837,0.564112914,0.582285365,0.183279407,-2331.074432,0.0
G24051002804012,0.239252922,0.53979507,0.588894076,0.191764042,7283.826691,0.0
G24051002804013,0.192527377,0.561139411,0.555890753,0.119159973,-829.9309928,0.0
G24051002804014,0.113558544,0.601115059,0.559841612,0.081964455,5526.237446,0.0
G24051002804015,0.082834292,0.603245915,0.566274536,0.061159195,8744.365083,0.0
G24051002804021,0.195601561,0.486741825,0.588894076,0.302080758,-56512.13386,0.0
G24051002804022,0.120872427,0.580867935,0.552159943,0.168080176,-24884.1982,0.0
G24051002804031,0.118699587,0.49580309,0.55455966,0.111807411,-9789.519069,0.0
G24051002804032,0.168579725,0.632147714,0.663156595,0.158479185,-6368.946354,0.0
G24051002804033,0.172708977,0.51449924,0.587932623,0.202898497,16046.66279,0.0
G24051002804034,0.274906431,0.49023478,0.546649823,0.273455662,13357.88492,0.0
G24051002804035,0.472992248,0.471479058,0.553690532,0.381350254,-12005.31797,0.0
G24051002804041,0.103662708,0.643154786,0.547375807,0.082148414,-9417.34074,0.0
G24051002804042,0.218652685,1.0,0.21674232,0.544660097,46228.58187,0.0
G24051002805003,0.157850696,0.0,0.515017652,0.12069062,57783.10915,0.0
