,GISJOIN,area,area_flood,perc_area_flood
0,G24000504001001,68154.96163219075,0.0,0.0
1,G24000504001002,52164.09446266358,0.0,0.0
2,G24000504001003,38202.12127217702,0.0,0.0
3,G24000504002001,48499.20860899112,0.0,0.0
4,G24000504002002,50875.9458200279,0.0,0.0
5,G24000504004001,77666.90428861383,500.08505965850946,0.006438843729372425
6,G24000504004002,134613.9291156799,0.0,0.0
7,G24000504004003,59810.180689987705,0.0,0.0
8,G24000504004004,43294.570407284176,0.0,0.0
9,G24000504004005,156222.53460785252,0.0,0.0
10,G24000504005001,173232.97951164228,223.98094016812655,0.0012929463015619016
11,G24000504006001,25587.591870324355,0.0,0.0
12,G24000504006002,47025.86710417932,1962.5038847805256,0.041732433778049624
13,G24000504006003,53967.44261722289,0.0,0.0
14,G24000504007011,44396.47575470063,0.0,0.0
15,G24000504007012,106072.43985442836,0.0,0.0
16,G24000504007021,105446.77582657979,0.0,0.0
17,G24000504008001,90129.751388249,0.0,0.0
18,G24000504008002,59325.11712079481,0.0,0.0
19,G24000504009001,108342.86549434265,194.78225793068293,0.0017978318834557122
20,G24000504010001,73780.11527557761,0.0,0.0
21,G24000504010002,77045.22199676158,105.36475831450534,0.0013675703123930787
22,G24000504011011,78261.01403938336,0.0,0.0
23,G24000504011012,136813.5294847774,0.0,0.0
24,G24000504011013,102194.74592738516,0.0,0.0
25,G24000504011014,38768.06869172133,0.0,0.0
26,G24000504011021,379368.9486767836,37585.250207544435,0.09907308001521885
27,G24000504012001,60944.815104489506,0.0,0.0
28,G24000504012002,89576.33913709581,444.30413338498386,0.004960061302627921
29,G24000504013011,52779.99068473894,593.8245546538577,0.011250940876455269
30,G24000504013012,26822.50384890044,0.0,0.0
31,G24000504013013,81458.47723281175,0.0,0.0
32,G24000504013021,56362.427522617756,157.86651699883402,0.0028009176314395534
33,G24000504013022,20675.01441504535,0.0,0.0
34,G24000504014001,124040.05287576761,6401.49633551768,0.05160830060213778
35,G24000504015031,89385.53834128848,0.0,0.0
36,G24000504015032,95461.81289710553,0.0,0.0
37,G24000504015033,58142.13097173217,5148.453281063899,0.08854944246138828
38,G24000504015034,61554.3524476564,529.8085807669867,0.008607166832231998
39,G24000504015035,148191.17634283975,0.0,0.0
40,G24000504015041,137513.98382989713,0.0,0.0
41,G24000504015042,159601.61478842242,0.0,0.0
42,G24000504015043,106664.11573000824,0.0,0.0
43,G24000504015051,60590.957947420844,0.0,0.0
44,G24000504015052,107848.93439886591,0.0,0.0
45,G24000504015053,63034.83668884605,0.0,0.0
46,G24000504015061,89009.58661097677,0.0,0.0
47,G24000504015062,61925.886200157154,0.0,0.0
48,G24000504015063,50603.52857961877,0.0,0.0
49,G24000504015071,201912.1709260767,2405.739996656343,0.011914784461096816
50,G24000504015072,92070.18808945455,0.0,0.0
51,G24000504015073,24672.62264724393,0.0,0.0
52,G24000504015074,37303.91672226318,0.0,0.0
53,G24000504022011,141120.80761860553,0.0,0.0
54,G24000504022012,155419.65196466065,543.4485403135718,0.0034966526655016653
55,G24000504022021,164094.76918817672,1078.032124825028,0.006569570316947689
56,G24000504023021,126085.69142441165,0.0,0.0
57,G24000504023022,192468.0220501644,0.0,0.0
58,G24000504023031,33396.5978517791,0.0,0.0
59,G24000504023032,77512.66038243043,0.0,0.0
60,G24000504023033,73289.75299764695,0.0,0.0
61,G24000504023034,80329.29220703465,0.0,0.0
62,G24000504023035,112292.01930028327,0.0,0.0
63,G24000504023041,66928.90066984703,0.0,0.0
64,G24000504023042,65264.51986551613,0.0,0.0
65,G24000504023043,62479.04838940044,0.0,0.0
66,G24000504023051,54105.869807642775,3973.3627087864793,0.0734368142109642
67,G24000504023052,31868.933032249453,2617.2122479414807,0.08212425076462454
68,G24000504023061,103123.53050051536,0.0,0.0
69,G24000504023062,43106.66751858018,2526.12064353221,0.05860162218393202
70,G24000504023071,47528.99331964116,0.0,0.0
71,G24000504023072,151945.00698859696,0.0,0.0
72,G24000504023073,62254.23092594573,724.5519092213309,0.011638597063117182
73,G24000504024031,36433.861890075015,0.0,0.0
74,G24000504024032,77501.8093365598,194.4297315297781,0.0025087121603244956
75,G24000504024041,95695.94989565393,0.0,0.0
76,G24000504024042,65744.73439256182,142.81128931135058,0.0021722087803811687
77,G24000504024043,50027.22554270793,0.0,0.0
78,G24000504024051,49329.03806579909,0.0,0.0
79,G24000504024052,114265.28521458046,0.0,0.0
80,G24000504024061,27705.373153420704,0.0,0.0
81,G24000504024062,71697.512916177,0.0,0.0
82,G24000504024063,77497.58757174076,0.0,0.0
83,G24000504024071,344001.7891746579,0.0,0.0
84,G24000504024072,53507.11305854413,0.0,0.0
85,G24000504025031,90079.43442832162,0.0,0.0
86,G24000504025032,142446.08892039492,0.0,0.0
87,G24000504025033,37541.21611957378,0.0,0.0
88,G24000504025041,130263.29069067427,0.0,0.0
89,G24000504025042,178679.56085088575,521.5217045074305,0.0029187541206386687
90,G24000504025051,43164.59684550064,0.0,0.0
91,G24000504025052,79988.00999808164,0.0,0.0
92,G24000504025061,119866.87010315446,0.0,0.0
93,G24000504025062,129191.94251200244,0.0,0.0
94,G24000504025091,156259.61558913707,0.0,0.0
95,G24000504025092,89135.57229554227,0.0,0.0
96,G24000504025093,91213.38281921,0.0,0.0
97,G24000504026021,91116.62728312046,0.0,0.0
98,G24000504026022,65347.6957284262,0.0,0.0
99,G24000504026031,91306.39713865839,0.0,0.0
100,G24000504026032,194842.43683023984,0.0,0.0
101,G24000504026033,130802.83431344872,0.0,0.0
102,G24000504026041,164238.6918729423,576.5621365758752,0.00351051344845046
103,G24000504026042,161466.48241209716,811.5281887461413,0.005025985434394656
104,G24000504026043,45502.87444424237,0.0,0.0
105,G24000504031001,73455.71727821317,556.6100045359766,0.00757749056384296
106,G24000504031002,86890.28683182856,174.97184952267727,0.0020137101153932867
107,G24000504032011,119998.33274331597,0.0,0.0
108,G24000504032012,44881.917516948284,523.3266368033393,0.011660077504614659
109,G24000504032021,116424.38647819053,0.0,0.0
110,G24000504033001,43319.150639410684,0.0,0.0
111,G24000504033002,100165.06318991161,4278.677425900094,0.04271626542867326
112,G24000504034011,129106.41559601894,312.10401407246775,0.0024174167691949433
113,G24000504034012,85573.0428234298,1177.6004190664105,0.013761347969082441
114,G24000504034021,139717.39039058838,0.0,0.0
115,G24000504034022,92480.92407541539,0.0,0.0
116,G24000504034023,39753.03674021603,0.0,0.0
117,G24000504034024,66782.09225201013,0.0,0.0
118,G24000504035001,101097.09745305733,82.37416748777301,0.0008148024974309674
119,G24000504035002,136718.99389590728,0.0,0.0
120,G24000504035003,120898.73633437404,1578.1849662738753,0.013053775532516994
121,G24000504036011,71443.88206349594,0.0,0.0
122,G24000504036012,82751.2904202047,0.0,0.0
123,G24000504036013,124113.6613426523,163.52935085307445,0.0013175773648446607
124,G24000504036021,134611.19938771107,0.0,0.0
125,G24000504036022,159559.0831860857,0.0,0.0
126,G24000504037011,146141.90538410167,0.0,0.0
127,G24000504037012,78617.68730529562,0.0,0.0
128,G24000504037013,84833.05358378592,0.0,0.0
129,G24000504037014,93204.94264803788,0.0,0.0
130,G24000504037015,119725.83212358112,0.0,0.0
131,G24000504037021,156170.38282675634,0.0,0.0
132,G24000504037022,260564.46160542194,10759.093065880044,0.04129148311166378
133,G24000504038011,222005.0097367579,960.5985525686128,0.004326922864072487
134,G24000504038021,254451.01670686287,308.0712108537291,0.0012107289443792583
135,G24000504038022,193600.21867866314,0.0,0.0
136,G24000504038031,262313.7281449461,2045.5554894895702,0.007798125946192424
137,G24000504038032,100014.96285901945,3282.94173986694,0.03282450591412564
138,G24000504041011,143419.134683131,0.0,0.0
139,G24000504041012,345655.07977705967,401.7044416102915,0.0011621540232227528
140,G24000504041021,199793.3771208685,0.0,0.0
141,G24000504041022,220388.79290532257,18097.84172878574,0.08211779505757556
142,G24000504042011,70552.94237280803,0.0,0.0
143,G24000504042012,60349.42175546324,0.0,0.0
144,G24000504042013,92400.57537285311,0.0,0.0
145,G24000504042021,209399.82465362517,0.0,0.0
146,G24000504042022,26965.22699996795,701.2998577944377,0.026007563659496406
147,G24000504042023,78908.30211695214,265.0774473870138,0.003359309987358939
148,G24000504042024,142966.8852723719,5653.14172757443,0.039541616345662174
149,G24000504044021,93376.49068336537,1210.4684816839354,0.012963310923608905
150,G24000504044022,142112.2406212982,0.0,0.0
151,G24000504044023,165266.36232893518,0.0,0.0
152,G24000504044031,99234.36459075256,0.0,0.0
153,G24000504044032,103234.42491711915,0.0,0.0
154,G24000504044041,131176.9845524177,0.0,0.0
155,G24000504044042,203696.2691913283,0.0,0.0
156,G24000504045011,102088.21822709875,0.0,0.0
157,G24000504045012,66756.03330672222,0.0,0.0
158,G24000504045013,44140.39251039999,0.0,0.0
159,G24000504045014,59675.63801246316,0.0,0.0
160,G24000504045021,54482.14998113687,0.0,0.0
161,G24000504045022,34730.38200384835,0.0,0.0
162,G24000504045023,38982.11082229126,0.0,0.0
163,G24000504046001,240181.33790599025,0.0,0.0
164,G24000504046002,162416.87014705644,779.1188226431234,0.0047970313794231416
165,G24000504048001,121051.36376541,0.0,0.0
166,G24000504048002,77123.50447792711,0.0,0.0
167,G24000504049001,184649.6956646634,0.0,0.0
168,G24000504049002,176964.35174912607,0.0,0.0
169,G24000504049003,106079.41832533176,0.0,0.0
170,G24000504050001,338339.2164713913,978.4772434226229,0.0028920006779804054
171,G24000504050002,251260.87886708492,1377.5578877091934,0.005482580073430019
172,G24000504060001,182440.36998257632,0.0,0.0
173,G24000504060002,136033.25886370338,382.5652475329224,0.002812292013942181
174,G24000504060003,171441.6974377737,854.5883598589759,0.0049847170940964134
175,G24000504060004,118813.99422621109,284.636409672161,0.002395647175451732
176,G24000504070011,155482.45178814259,0.0,0.0
177,G24000504070012,192391.59688775046,349.7417056689319,0.0018178637285961416
178,G24000504070021,171205.55424239498,798.1781763229658,0.004662104450144737
179,G24000504070022,212165.45746124853,5912.4418504766945,0.02786712748259969
180,G24000504070023,184194.91694774682,7034.955275647176,0.038192993553903994
181,G24000504081001,127384.33203910585,1172.0760077674422,0.009201100237410872
182,G24000504081002,231653.66269076598,492.1927965772053,0.0021246924864478938
183,G24000504081003,79519.24070902012,0.0,0.0
184,G24000504081004,127661.47565978923,3422.9833465547936,0.026812970231339443
185,G24000504082001,169704.9065382808,3424.471900400242,0.02017897991433603
186,G24000504082002,116117.04980008997,365.98795241259893,0.0031518881425483423
187,G24000504083021,129901.32982474641,0.0,0.0
188,G24000504083022,148664.27650608716,0.0,0.0
189,G24000504083031,198701.48773348436,0.0,0.0
190,G24000504083032,145380.54610165127,0.0,0.0
191,G24000504083041,167043.5371504769,0.0,0.0
192,G24000504083042,92893.17158890083,219.93791606911248,0.002367643523276918
193,G24000504083043,86437.51708146028,403.25441422859114,0.004665270681578659
194,G24000504084001,959597.7988697642,170644.71952845174,0.1778294195020465
195,G24000504085021,176054.93083287266,0.0,0.0
196,G24000504085022,79803.7093856473,0.0,0.0
197,G24000504085023,83388.23304964225,0.0,0.0
198,G24000504085031,106214.57910655935,861.2797531747074,0.008108865660623028
199,G24000504085032,82572.27181640621,0.0,0.0
200,G24000504085051,155312.75184577628,0.0,0.0
201,G24000504085052,333058.6578337381,14382.820752286194,0.043184047055957506
202,G24000504085061,85645.07116162381,0.0,0.0
203,G24000504085062,76717.83570167035,0.0,0.0
204,G24000504085071,49156.36253600532,0.0,0.0
205,G24000504085072,64603.26482147812,0.0,0.0
206,G24000504085073,44309.97706093392,0.0,0.0
207,G24000504086011,83632.85448104626,0.0,0.0
208,G24000504086012,74276.76617073329,0.0,0.0
209,G24000504086013,71811.78555670842,0.0,0.0
210,G24000504086014,54259.47033073156,0.0,0.0
211,G24000504086021,89499.1736974435,445.18748865973794,0.004974207808495717
212,G24000504086022,85533.72183312365,1817.8467903827038,0.02125298363526521
213,G24000504087021,95379.1365299062,342.9996778700924,0.003596170927407637
214,G24000504087022,75343.01119801369,318.08668356772694,0.0042218472358603164
215,G24000504087031,59140.759029732384,0.0,0.0
216,G24000504087032,121340.75992103832,0.0,0.0
217,G24000504087033,48205.86455889168,870.0997995807195,0.018049666934564453
218,G24000504087034,71713.38490099224,0.0,0.0
219,G24000504087041,136446.2462191983,0.0,0.0
220,G24000504087042,194339.68408473884,160.30019134916026,0.0008248453840197857
221,G24000504087043,72720.18145580156,0.0,0.0
222,G24000504088001,237244.63276834332,0.0,0.0
223,G24000504088002,141539.5851861731,1831.1841319078435,0.012937611266128895
224,G24000504089001,101840.44724822514,0.0,0.0
225,G24000504089002,128113.7585567578,10033.82221390019,0.07831963035769449
226,G24000504101001,103547.98609620526,0.0,0.0
227,G24000504101002,164633.68978203856,2184.8328623661155,0.013270873447947707
228,G24000504101003,263102.0068207481,2376.354126644183,0.009032063857510588
229,G24000504101004,181101.1186346124,0.0,0.0
230,G24000504102001,161876.96771181037,0.0,0.0
231,G24000504102002,175125.81611104772,0.0,0.0
232,G24000504102003,157150.8259350209,0.0,0.0
233,G24000504111011,251558.56547714325,126.38070558546107,0.00050239078659774
234,G24000504111021,111704.22981713961,0.0,0.0
235,G24000504111022,89954.55144031676,0.0,0.0
236,G24000504111023,146975.1715857908,139.4698165713101,0.0009489345381706205
237,G24000504112011,124060.65358475504,274.8385602635594,0.0022153563786909826
238,G24000504112012,75356.69310627056,0.0,0.0
239,G24000504112013,73025.5634939376,480.76084616863557,0.0065834595882104645
240,G24000504112014,105000.16573317474,0.0,0.0
241,G24000504112021,144776.2777280575,0.0,0.0
242,G24000504112022,172158.0147163715,189.46371741623818,0.0011005222018177756
243,G24000504112023,147509.11147785472,988.7725133054125,0.006703128392539027
244,G24000504113021,424791.98204604775,2303.622818480225,0.005422943265983091
245,G24000504113031,69779.64058777479,0.0,0.0
246,G24000504113032,95415.40732069282,0.0,0.0
247,G24000504113033,101773.88828971074,0.0,0.0
248,G24000504113034,108045.30367803665,0.0,0.0
249,G24000504113061,46745.05787586744,0.0,0.0
250,G24000504113062,119034.25026407647,0.0,0.0
251,G24000504113063,64832.47710076814,0.0,0.0
252,G24000504113071,68069.28198160317,0.0,0.0
253,G24000504113072,81276.8283202832,11402.65598771783,0.14029405703165485
254,G24000504113081,79317.95734630055,0.0,0.0
255,G24000504113082,58107.431449482974,0.0,0.0
256,G24000504113083,94753.43046563628,0.0,0.0
257,G24000504113091,149636.18550149037,56.470482167603,0.0003773852025053162
258,G24000504113092,166452.51338839746,0.0,0.0
259,G24000504113093,158495.1106112533,0.0,0.0
260,G24000504114041,168011.09892922806,0.0,0.0
261,G24000504114042,57383.35297736615,0.0,0.0
262,G24000504114061,110048.61465822153,335.12323981817786,0.0030452290640729245
263,G24000504114062,104947.54390132023,0.0,0.0
264,G24000504114063,87929.15421020311,0.0,0.0
265,G24000504114071,105242.03152003163,0.0,0.0
266,G24000504114072,66314.49955329006,5999.823783119647,0.09047529308877936
267,G24000504114073,73073.8360286842,0.0,0.0
268,G24000504114074,53002.6971065874,459.94846153576276,0.008677831254715496
269,G24000504114075,22761.82096359865,4647.825820955797,0.20419393634581048
270,G24000504114081,20778.131585083825,0.0,0.0
271,G24000504114082,76179.95889417636,0.0,0.0
272,G24000504114083,46079.592709299,0.0,0.0
273,G24000504114091,41922.80862583445,0.0,0.0
274,G24000504114092,95662.43813710702,0.0,0.0
275,G24000504114093,60310.94231678267,0.0,0.0
276,G24000504114101,71237.1673882847,0.0,0.0
277,G24000504114102,73822.84148596908,0.0,0.0
278,G24000504114103,74782.95657962069,0.0,0.0
279,G24000504201001,121909.86179250272,5872.965626904518,0.04817465577067611
280,G24000504201002,55840.91486313476,0.0,0.0
281,G24000504201003,80710.31887680823,9083.77038588673,0.11254781931603683
282,G24000504202001,67305.48982314723,0.0,0.0
283,G24000504202002,95976.98085427741,0.0,0.0
284,G24000504203011,82279.06754403203,0.0,0.0
285,G24000504203021,30150.919937302897,0.0,0.0
286,G24000504203022,46185.6005329477,0.0,0.0
287,G24000504203031,122864.58000325365,0.0,0.0
288,G24000504204011,46047.488952971784,0.0,0.0
289,G24000504204012,50819.26995873224,0.0,0.0
290,G24000504204013,28347.541557055316,0.0,0.0
291,G24000504204014,31986.229987427974,0.0,0.0
292,G24000504204021,58174.40369582625,0.0,0.0
293,G24000504204022,44887.45455516042,0.0,0.0
294,G24000504205001,96612.27480398299,0.0,0.0
295,G24000504205002,69130.87928003863,0.0,0.0
296,G24000504206001,95761.29598300543,0.0,0.0
297,G24000504206002,27010.12672215444,0.0,0.0
298,G24000504206003,54918.63256815016,0.0,0.0
299,G24000504207011,178614.60538533158,0.0,0.0
300,G24000504207021,111777.4125766749,0.0,0.0
301,G24000504208001,57653.53142623554,0.0,0.0
302,G24000504208002,108105.35808925363,0.0,0.0
303,G24000504208003,61453.85370357918,0.0,0.0
304,G24000504209001,88893.30776659692,0.0,0.0
305,G24000504209002,43220.91245377389,0.0,0.0
306,G24000504209003,45944.484108992365,0.0,0.0
307,G24000504210001,73162.58627226124,0.0,0.0
308,G24000504211011,61180.28172421847,0.0,0.0
309,G24000504211012,56232.43433780861,0.0,0.0
310,G24000504211021,67774.05802513666,0.0,0.0
311,G24000504211022,90022.63079942603,0.0,0.0
312,G24000504212001,66945.35860337506,0.0,0.0
313,G24000504212002,33825.04270233276,0.0,0.0
314,G24000504213001,43493.07860356459,0.0,0.0
315,G24000504213002,33435.79036109751,0.0,0.0
316,G24000504213003,72155.65710790052,0.0,0.0
317,G24000504301011,43279.91190769595,0.0,0.0
318,G24000504301012,84196.11009002163,901.1076290077144,0.010702485281615258
319,G24000504301041,89461.9980993121,308.52822253776577,0.003448707038660901
320,G24000504301042,91970.26515893704,124.18606906071885,0.001350284995330921
321,G24000504302001,92465.05163948161,0.0,0.0
322,G24000504302002,59225.714985937026,882.1906948423766,0.014895399659621673
323,G24000504302003,59056.306337774404,0.0,0.0
324,G24000504303001,56571.83000359658,0.0,0.0
325,G24000504303002,35121.63705527283,0.0,0.0
326,G24000504303003,57168.43239860348,3016.3451433010364,0.05276242528865843
327,G24000504303004,29041.45373057523,0.0,0.0
328,G24000504304001,511377.7190657219,44315.39280495739,0.08665882605507497
329,G24000504304002,137536.5745226542,2148.8152538715913,0.015623591479789627
330,G24000504304003,233585.67153923115,62287.66346260163,0.26665875116462484
331,G24000504306001,97921.41676000055,1421.6226038101395,0.01451799464150371
332,G24000504306002,117420.80153380948,3587.2675301301374,0.030550528383995402
333,G24000504307001,52748.921812399945,18474.516840417986,0.35023496605527
334,G24000504307002,90018.47939799727,250.27653156520685,0.002780279485267277
335,G24000504307003,53378.63675419549,0.0,0.0
336,G24000504308001,82469.19555429446,5086.1484204656745,0.06167331191095656
337,G24000504308002,31801.881553369938,0.0,0.0
338,G24000504308003,59563.93369530525,704.6251494880944,0.011829728256238927
339,G24000504309001,93940.4484243005,97.72411918547522,0.0010402773334025938
340,G24000504309002,31149.514258185412,0.0,0.0
341,G24000504309003,54250.299420651776,0.0,0.0
342,G24000504401001,72688.73501539721,0.0,0.0
343,G24000504401002,76751.12726368096,0.0,0.0
344,G24000504401003,54576.60826663987,0.0,0.0
345,G24000504401004,63530.068171777704,0.0,0.0
346,G24000504402001,38904.11900150844,0.0,0.0
347,G24000504402002,114641.04418779118,0.0,0.0
348,G24000504403001,119744.67921234522,685.0468483470588,0.005720895933357122
349,G24000504404001,74181.08426929783,0.0,0.0
350,G24000504404002,73089.02651234891,0.0,0.0
351,G24000504404003,93245.84283708801,1845.7192653970521,0.01979411852839114
352,G24000504404004,45995.70169111224,0.0,0.0
353,G24000504405001,130728.15081512128,1779.2177158324218,0.013610058007694395
354,G24000504405002,51357.491901163434,0.0,0.0
355,G24000504406001,436985.10101754684,104987.8718994818,0.24025503765462725
356,G24000504407011,79243.06415407678,3240.191329143138,0.040889273575325784
357,G24000504407012,175560.43614115575,0.0,0.0
358,G24000504407013,57382.4384020281,0.0,0.0
359,G24000504407021,118669.30508890632,0.0,0.0
360,G24000504407022,187509.100619342,34294.87152013361,0.18289710423044936
361,G24000504408001,228141.5401896935,104.94423494138262,0.00045999617103542097
362,G24000504409001,78464.62567102515,0.0,0.0
363,G24000504409002,76927.58717444433,0.0,0.0
364,G24000504410001,95457.25577787311,0.0,0.0
365,G24000504410002,28682.871566880633,0.0,0.0
366,G24000504411011,94200.90744885494,2359.472966500148,0.02504724243533631
367,G24000504411012,72919.11167898572,0.0,0.0
368,G24000504411021,65737.28377523906,2204.3524428300548,0.03353275821932206
369,G24000504411022,51722.78324895074,2478.9652022995742,0.04792791583484369
370,G24000504411023,48051.96968384695,235.94800758989427,0.0049102671366499685
371,G24000504411024,101399.86896448699,0.0,0.0
372,G24000504501001,160995.5155711848,855.0247286432271,0.005310860526827373
373,G24000504501002,305341.46409362403,41410.70000334248,0.1356209518620933
374,G24000504501003,341728.7721681626,3247.7529355385414,0.009503890804782285
375,G24000504502001,100754.93320039779,3057.509588405636,0.030346003826178553
376,G24000504502002,66005.73241147834,0.0,0.0
377,G24000504502003,53506.62077591251,0.0,0.0
378,G24000504503001,176244.44669603885,0.0,0.0
379,G24000504503002,100156.91521164948,0.0,0.0
380,G24000504504001,49971.519189228915,0.0,0.0
381,G24000504504002,104333.31811708349,0.0,0.0
382,G24000504505011,90695.21221545401,0.0,0.0
383,G24000504505012,94901.50566254076,0.0,0.0
384,G24000504505013,53473.9064332932,0.0,0.0
385,G24000504505031,17996.355334578588,365.1623756969594,0.020290907181374024
386,G24000504505032,66621.73814837432,0.0,0.0
387,G24000504505033,44625.246091580746,0.0,0.0
388,G24000504505041,41514.13403891755,0.0,0.0
389,G24000504505042,45114.62652580892,0.0,0.0
390,G24000504505043,40650.90875759061,0.0,0.0
391,G24000504508001,38041.751084650685,0.0,0.0
392,G24000504508002,88871.41463455431,0.0,0.0
393,G24000504508003,46164.60714493957,0.0,0.0
394,G24000504509001,128284.37950197783,0.0,0.0
395,G24000504509002,154303.70362467493,0.0,0.0
396,G24000504510001,89759.95723834493,0.0,0.0
397,G24000504510002,77713.79991784685,0.0,0.0
398,G24000504511001,148156.27501084513,0.0,0.0
399,G24000504512001,607654.6442478298,31307.20393191137,0.051521376868046836
400,G24000504512002,139602.2499871089,3519.033055326936,0.0252075668956044
401,G24000504513001,126718.10625657588,0.0,0.0
402,G24000504513002,83311.61876788847,0.0,0.0
403,G24000504514011,41369.8585348794,0.0,0.0
404,G24000504514012,90239.50844565452,0.0,0.0
405,G24000504514021,82988.03230038538,192.22037755686517,0.0023162421403257268
406,G24000504514022,21048.77550333064,0.0,0.0
407,G24000504514023,86876.71741890894,0.0,0.0
408,G24000504515001,61845.94106168625,0.0,0.0
409,G24000504515002,21579.670306397642,0.0,0.0
410,G24000504515003,50699.31720136812,0.0,0.0
411,G24000504516001,281348.66625279817,0.0,0.0
412,G24000504516002,228370.79269989292,0.0,0.0
413,G24000504517011,235570.79441460097,336.238976907367,0.0014273372798310115
414,G24000504517012,277719.284527242,111.36357320371894,0.0004009933029796319
415,G24000504517021,81343.04098147752,765.9881789739655,0.00941676349607322
416,G24000504517022,75853.52074375389,0.0,0.0
417,G24000504518011,48634.90042930673,0.0,0.0
418,G24000504518012,66456.32497203196,431.160711116319,0.006487880744199628
419,G24000504518013,92897.25531174155,699.4910945231313,0.007529728323789568
420,G24000504518014,87041.11308776148,0.0,0.0
421,G24000504518021,141775.62832499124,0.0,0.0
422,G24000504518022,106680.38709467305,0.0,0.0
423,G24000504518023,90695.04147949004,0.0,0.0
424,G24000504518031,104398.73862116272,0.0,0.0
425,G24000504518032,98382.91224726348,0.0,0.0
426,G24000504519001,44172.993837513175,0.0,0.0
427,G24000504519002,75943.36578077248,458.82771153695217,0.00604170893427954
428,G24000504519003,72999.64689118743,0.0,0.0
429,G24000504520001,69671.09036596546,0.0,0.0
430,G24000504520002,102535.57712358193,132.13278811296476,0.0012886530882223496
431,G24000504521001,121838.46390598918,0.0,0.0
432,G24000504521002,70529.0092068923,0.0,0.0
433,G24000504521003,65113.16218492098,0.0,0.0
434,G24000504523001,41966.15329317173,0.0,0.0
435,G24000504523002,271237.4465187153,1662.2482132351804,0.006128387634413472
436,G24000504524001,310914.0675787842,61596.2041705338,0.19811327499655706
437,G24000504524002,422771.6103828218,0.0,0.0
438,G24000504525001,56656.17071959044,0.0,0.0
439,G24000504525002,79994.99985239543,0.0,0.0
440,G24000504525003,45770.76427678849,0.0,0.0
441,G24000504901001,153353.200212158,0.0,0.0
442,G24000504901002,70569.73323913405,0.0,0.0
443,G24000504901003,190123.46052280793,0.0,0.0
444,G24000504902001,70583.22877395297,0.0,0.0
445,G24000504902002,76094.57292524118,0.0,0.0
446,G24000504902003,58052.60033274898,0.0,0.0
447,G24000504903011,112775.76646538211,0.0,0.0
448,G24000504903012,116579.59196528833,1334.2528977123366,0.011444995433760066
449,G24000504903013,95233.65497275325,1528.4920182455319,0.016049914483307816
450,G24000504903021,78440.84565501273,0.0,0.0
451,G24000504903022,140622.77560486612,0.0,0.0
452,G24000504904001,127208.31299219072,1617.9143206373665,0.012718620997172485
453,G24000504904002,75596.85546580738,2127.66612234599,0.028144902446482552
454,G24000504905001,76629.9034846665,154.51768077393643,0.00201641492090428
455,G24000504905002,153551.38789951315,519.3160124277005,0.0033820339857009328
456,G24000504905003,117727.2856679047,6421.887115871529,0.054548842092452074
457,G24000504906011,37364.82677903859,0.0,0.0
458,G24000504906012,52903.82395373105,0.0,0.0
459,G24000504906021,62613.024128859084,0.0,0.0
460,G24000504906022,61621.97014627642,1176.481694982726,0.019091919524644025
461,G24000504906031,66959.24347683536,3022.298266290426,0.04513638609635717
462,G24000504906032,68414.26630382822,195.4013600484348,0.002856149318048023
463,G24000504906051,198245.27417224256,2491.064498057734,0.012565568124935016
464,G24000504906052,81524.26457170949,7735.87962966206,0.09489051720126233
465,G24000504907011,112272.5030326517,0.0,0.0
466,G24000504907031,160961.88059852048,0.0,0.0
467,G24000504907032,65139.019157038056,0.0,0.0
468,G24000504908001,79859.64285317424,0.0,0.0
469,G24000504908002,116898.07589540505,3700.137103273892,0.03165267755634064
470,G24000504909001,102188.42718123445,0.0,0.0
471,G24000504909002,186047.15205023208,0.0,0.0
472,G24000504909003,21784.52303265066,0.0,0.0
473,G24000504910001,50848.11406625855,0.0,0.0
474,G24000504910002,68359.62823591781,0.0,0.0
475,G24000504911001,44439.238368036255,89.4702437090878,0.0020133163167224966
476,G24000504911002,47333.48090319421,0.0,0.0
477,G24000504911003,52274.666962028554,0.0,0.0
478,G24000504912011,157249.7130346428,0.0,0.0
479,G24000504912012,120525.68411516341,0.0,0.0
480,G24000504912021,68137.754485424,0.0,0.0
481,G24000504912022,30392.62424321781,0.0,0.0
482,G24000504913001,85984.4618160098,397.78250902983257,0.00462621386037178
483,G24000504913002,68132.98212414308,0.0,0.0
484,G24000504914011,24830.7045295345,0.0,0.0
485,G24000504914012,64672.7304655041,0.0,0.0
486,G24000504914013,52526.71049936016,0.0,0.0
487,G24000504914021,61825.11639492705,1285.2786836321343,0.0207889407829339
488,G24000504914022,37172.82089400039,0.0,0.0
489,G24000504915001,42145.1402394231,0.0,0.0
490,G24000504915002,83840.48330667232,0.0,0.0
491,G24000504915003,48413.36728889072,0.0,0.0
492,G24000504916001,58293.860624820794,0.0,0.0
493,G24000504916002,41243.52721455327,0.0,0.0
494,G24000504916003,35893.88397929596,0.0,0.0
495,G24000504917011,80270.15500897543,0.0,0.0
496,G24000504917012,71005.74328483711,0.0,0.0
497,G24000504917013,73829.89936601564,0.0,0.0
498,G24000504919001,69198.31173930955,0.0,0.0
499,G24000504919002,125024.97388149648,0.0,0.0
500,G24000504920011,42743.297825293936,0.0,0.0
501,G24000504920012,30442.448160373515,0.0,0.0
502,G24000504920021,30642.36456818385,0.0,0.0
503,G24000504920022,47645.17330948186,0.0,0.0
504,G24000504920023,48964.419373661345,0.0,0.0
505,G24000504920024,63322.41934954929,0.0,0.0
506,G24000504921011,69256.54563305114,0.0,0.0
507,G24000504921012,37222.088973301245,0.0,0.0
508,G24000504921013,46011.57027422229,0.0,0.0
509,G24000504921014,61013.10518944278,0.0,0.0
510,G24000504921021,52259.71131599738,0.0,0.0
511,G24000504921022,71739.25023060727,16980.338492076204,0.23669523221238808
512,G24000504922001,117114.37351893057,0.0,0.0
513,G24000504922002,91406.23057113276,0.0,0.0
514,G24000504922003,37951.072131580535,0.0,0.0
515,G24000504923001,43481.97806935374,0.0,0.0
516,G24000504923002,129133.16426530431,932.0864947686879,0.007218025671962274
517,G24000504924011,107063.08148613926,0.0,0.0
518,G24000504924012,74515.6081107962,0.0,0.0
519,G24000504924021,127453.6124592769,0.0,0.0
520,G24000504924022,128720.94003097381,0.0,0.0
521,G24000504925001,137623.43257148738,0.0,0.0
522,G24000504925002,56716.908408502684,0.0,0.0
523,G24000504926001,26564.953821861272,0.0,0.0
524,G24000504926002,64731.978960536086,0.0,0.0
525,G24000504926003,96954.96344106994,0.0,0.0
526,G24000509800001,739748.6001066497,1305.7160784063904,0.001765080837217056
527,G24000509801001,3486.3317101604052,0.0,0.0
528,G24000509802001,256113.95233576628,0.0,0.0
529,G24001305081022,128.06919130114602,0.0,0.0
530,G24051000101001,43802.60976533067,0.0,0.0
531,G24051000101002,46234.663430876775,0.0,0.0
532,G24051000101003,43920.84736674038,0.0,0.0
533,G24051000102001,30856.203234362525,0.0,0.0
534,G24051000102002,22363.402653691624,0.0,0.0
535,G24051000102003,33685.32244271686,0.0,0.0
536,G24051000102004,20594.97209412618,0.0,0.0
537,G24051000103001,38824.19923474488,4013.8299480477035,0.10338474526618473
538,G24051000103002,55223.05422306247,0.0,0.0
539,G24051000104001,56177.67309548983,0.0,0.0
540,G24051000104002,75781.26645706137,0.0,0.0
541,G24051000105001,34895.862989286084,0.0,0.0
542,G24051000105002,37672.71223192345,0.0,0.0
543,G24051000201001,32103.77249098292,0.0,0.0
544,G24051000201002,48012.964421940545,0.0,0.0
545,G24051000202001,33887.895038602444,0.0,0.0
546,G24051000202002,58442.162044700395,0.0,0.0
547,G24051000203001,57454.42806815315,0.0,0.0
548,G24051000203002,109406.11858339205,0.0,0.0
549,G24051000203003,66502.02386355349,0.0,0.0
550,G24051000301001,91129.09361186028,0.0,0.0
551,G24051000301002,41493.45347255401,0.0,0.0
552,G24051000302001,82499.51831926043,0.0,0.0
553,G24051000302002,88771.37662198664,0.0,0.0
554,G24051000401001,352491.88029470015,96983.67588928535,0.2751373331158787
555,G24051000401002,182182.6526249782,0.0,0.0
556,G24051000402001,180957.75169787233,0.0,0.0
557,G24051000601001,15617.593052034126,0.0,0.0
558,G24051000601002,7694.864280571116,0.0,0.0
559,G24051000601003,2410.205586759277,0.0,0.0
560,G24051000601004,17142.0908958394,0.0,0.0
561,G24051000602001,17833.418029048516,0.0,0.0
562,G24051000602002,3917.3042248148236,0.0,0.0
563,G24051000602003,4236.616727603104,0.0,0.0
564,G24051000602004,19331.70626516542,0.0,0.0
565,G24051000602005,6370.579032266076,0.0,0.0
566,G24051000603001,33491.51576949656,0.0,0.0
567,G24051000603002,41676.185432094106,0.0,0.0
568,G24051000604001,108836.48898164342,0.0,0.0
569,G24051000604002,59676.8366667683,0.0,0.0
570,G24051000701001,36263.93083279358,0.0,0.0
571,G24051000701002,43446.0099857302,0.0,0.0
572,G24051000702001,11603.602655441657,0.0,0.0
573,G24051000702002,23363.597263201253,0.0,0.0
574,G24051000702003,23423.301931329686,0.0,0.0
575,G24051000702004,6289.525044839549,0.0,0.0
576,G24051000702005,8161.112217433361,0.0,0.0
577,G24051000703001,48033.16849732644,0.0,0.0
578,G24051000703002,16151.438348730797,0.0,0.0
579,G24051000704001,34373.39713895926,0.0,0.0
580,G24051000704002,37129.6198337158,0.0,0.0
581,G24051000704003,24150.500277817064,0.0,0.0
582,G24051000801011,74715.17530353097,106.41680142171656,0.0014242996953349502
583,G24051000801012,27453.529987336202,0.0,0.0
584,G24051000801013,39463.807439182754,0.0,0.0
585,G24051000801014,33904.0044956389,0.0,0.0
586,G24051000801021,50323.013587488895,0.0,0.0
587,G24051000801022,42264.18835549623,0.0,0.0
588,G24051000802001,34433.32923703137,0.0,0.0
589,G24051000802002,32510.978976387538,0.0,0.0
590,G24051000802003,53833.524417294626,6915.529754297364,0.12846139704120269
591,G24051000803011,20090.087265549115,0.0,0.0
592,G24051000803012,32875.74808266717,0.0,0.0
593,G24051000803013,29324.27879664714,0.0,0.0
594,G24051000803021,15303.363322957417,0.0,0.0
595,G24051000803022,41190.30930454121,0.0,0.0
596,G24051000803023,27197.51917299452,0.0,0.0
597,G24051000803024,32923.61764830575,0.0,0.0
598,G24051000804001,37199.79065096632,0.0,0.0
599,G24051000804002,27575.92178233066,0.0,0.0
600,G24051000805001,14198.886131879186,0.0,0.0
601,G24051000805002,20906.004235625904,0.0,0.0
602,G24051000805003,39440.89437040493,4997.135168820741,0.12669933703558245
603,G24051000806001,20380.95827403017,0.0,0.0
604,G24051000806002,28376.60327399451,0.0,0.0
605,G24051000806003,6524.770070965616,0.0,0.0
606,G24051000806004,34292.293868104636,0.0,0.0
607,G24051000807001,5472.865724473343,0.0,0.0
608,G24051000807002,17681.47525488417,0.0,0.0
609,G24051000808001,16686.11430394259,0.0,0.0
610,G24051000808002,30161.23113669105,0.0,0.0
611,G24051000901001,34971.953549013815,727.3028692945179,0.02079674697826617
612,G24051000901002,24247.82732176224,5163.570164431164,0.2129498076636705
613,G24051000901003,37706.00784450186,0.0,0.0
614,G24051000901004,21207.683372030217,0.0,0.0
615,G24051000901005,23540.097607353844,0.0,0.0
616,G24051000902001,120722.75789260818,0.0,0.0
617,G24051000902002,80577.81218966708,5785.690493542456,0.07180252648115937
618,G24051000903001,21886.277323889906,5095.320672585749,0.23280892392896646
619,G24051000903002,37611.46639851047,0.0,0.0
620,G24051000903003,30792.82050216766,0.0,0.0
621,G24051000903004,78306.38556684692,0.0,0.0
622,G24051000904001,43674.99221898705,0.0,0.0
623,G24051000904002,18244.661407464882,0.0,0.0
624,G24051000905001,41729.05848817149,0.0,0.0
625,G24051000905002,61663.59012521579,0.0,0.0
626,G24051000906001,33681.98539821917,0.0,0.0
627,G24051000906002,37264.846816109995,0.0,0.0
628,G24051000906003,20706.4573161892,0.0,0.0
629,G24051000906004,33800.99573349473,0.0,0.0
630,G24051000907001,33437.64317704008,0.0,0.0
631,G24051000907002,19581.192064309605,0.0,0.0
632,G24051000907003,9968.06698262491,0.0,0.0
633,G24051000907004,9984.648345639136,0.0,0.0
634,G24051000908001,69075.74803665318,6714.11296076233,0.09719927979932504
635,G24051000908002,42190.807610961696,0.0,0.0
636,G24051000908003,23809.880272179136,0.0,0.0
637,G24051000908004,70173.28242942519,0.0,0.0
638,G24051000908005,21188.313265782454,0.0,0.0
639,G24051000909001,23294.245613671537,2297.1283705882875,0.0986135549820119
640,G24051000909002,32979.71542895593,0.0,0.0
641,G24051000909003,20582.811879311637,0.0,0.0
642,G24051000909004,28326.556588805197,0.0,0.0
643,G24051001001001,32824.10169285608,0.0,0.0
644,G24051001001002,25906.020464358655,9194.500564996137,0.3549175211084958
645,G24051001001003,19064.444648944693,0.0,0.0
646,G24051001001004,28185.25955593671,0.0,0.0
647,G24051001002001,13395.259712918569,0.0,0.0
648,G24051001002002,30959.53825826001,0.0,0.0
649,G24051001002003,19724.594989302335,0.0,0.0
650,G24051001003001,50914.191563863045,17339.472021359405,0.3405626503881543
651,G24051001101001,43631.52674317662,17320.453693591342,0.3969710662554348
652,G24051001101002,70663.52671214177,13894.021281576885,0.1966222452804573
653,G24051001102001,143052.3070681763,90605.94266369575,0.6333763119284367
654,G24051001102002,55824.730063703566,0.0,0.0
655,G24051001102003,70081.73686921925,2749.226139453329,0.03922885279775111
656,G24051001201001,80411.45823225538,0.0,0.0
657,G24051001201002,28605.6605625624,0.0,0.0
658,G24051001201003,21444.40078407325,0.0,0.0
659,G24051001201004,24662.956195602226,0.0,0.0
660,G24051001202011,42310.19268587269,0.0,0.0
661,G24051001202012,65777.37517119342,0.0,0.0
662,G24051001202021,106035.11270296563,2602.8414834767254,0.02454697710151939
663,G24051001202022,24545.92020054056,0.0,0.0
664,G24051001202023,17018.35894255648,0.0,0.0
665,G24051001202024,43344.07217002919,2385.8854515948715,0.05504525376008907
666,G24051001202025,21862.01464962966,0.0,0.0
667,G24051001203001,29845.301986777784,0.0,0.0
668,G24051001203002,29233.693306364235,0.0,0.0
669,G24051001203003,27291.287462628552,0.0,0.0
670,G24051001203004,25543.32631443817,0.0,0.0
671,G24051001204001,37536.132493086836,0.0,0.0
672,G24051001204002,36610.41898738298,0.0,0.0
673,G24051001205001,52374.995353906175,21424.150922391116,0.4090530371912154
674,G24051001205002,70709.33418529421,36637.22140491759,0.5181384017689877
675,G24051001206001,30976.344691782186,1008.4640405456115,0.032555940688933194
676,G24051001206002,38762.15069019466,0.0,0.0
677,G24051001206003,54526.11413327789,0.0,0.0
678,G24051001207001,46220.77155172955,1275.3113208685959,0.02759173588094019
679,G24051001207002,26990.128046725575,3508.4226776262294,0.12998910829738983
680,G24051001207003,60149.825152470774,13040.079428733972,0.21679330564435273
681,G24051001301001,15340.584862755091,0.0,0.0
682,G24051001301002,5529.0692995786085,2725.4445832689316,0.49293008200795174
683,G24051001301003,31834.58060783608,930.4407111830451,0.029227358847442052
684,G24051001301004,14553.501305758768,0.0,0.0
685,G24051001302001,22181.211920289887,0.0,0.0
686,G24051001302002,14394.849202848694,0.0,0.0
687,G24051001302003,14003.980787397719,0.0,0.0
688,G24051001302004,4428.244658322684,0.0,0.0
689,G24051001303001,28360.029144885142,0.0,0.0
690,G24051001303002,41367.25198917282,0.0,0.0
691,G24051001303003,48353.738344211866,0.0,0.0
692,G24051001304001,52329.96879543776,0.0,0.0
693,G24051001304002,35882.71807126833,0.0,0.0
694,G24051001304003,19131.833110080082,0.0,0.0
695,G24051001306001,62858.73636888358,5728.582127743195,0.09113422347731072
696,G24051001306002,43565.40991485206,0.0,0.0
697,G24051001306003,34146.88375184012,0.0,0.0
698,G24051001306004,51872.92994620649,0.0,0.0
699,G24051001307001,25816.51134616596,0.0,0.0
700,G24051001307002,37625.6663977672,0.0,0.0
701,G24051001307003,26402.814432398765,0.0,0.0
702,G24051001307004,34298.81649762135,0.0,0.0
703,G24051001307005,53306.277189471686,0.0,0.0
704,G24051001307006,59764.77964714831,0.0,0.0
705,G24051001308031,38876.9083144009,13372.957856854413,0.3439820303792203
706,G24051001308032,33988.12667793541,0.0,0.0
707,G24051001308033,44707.62146325546,0.0,0.0
708,G24051001308041,79513.78406417738,34568.926261255954,0.4347538815830295
709,G24051001308042,74485.30264768476,16403.90761445535,0.22023012636527478
710,G24051001308051,61098.03695750714,3524.195697845896,0.05768099718648779
711,G24051001308061,140354.14520568968,30462.441078586646,0.21703983900114807
712,G24051001401001,48163.683834500254,0.0,0.0
713,G24051001401002,27258.92888675309,0.0,0.0
714,G24051001401003,26499.986693446794,0.0,0.0
715,G24051001401004,50687.41088687363,0.0,0.0
716,G24051001402001,27961.671103236222,0.0,0.0
717,G24051001402002,35374.69397970175,0.0,0.0
718,G24051001402003,28413.987156652798,0.0,0.0
719,G24051001402004,15495.80499121017,0.0,0.0
720,G24051001403001,10420.78384777388,0.0,0.0
721,G24051001403002,11570.635350955154,0.0,0.0
722,G24051001403003,23550.360592088295,0.0,0.0
723,G24051001403004,36088.76553265011,0.0,0.0
724,G24051001501001,28058.205672489952,0.0,0.0
725,G24051001501002,18384.7547647346,0.0,0.0
726,G24051001501003,26032.799202685554,0.0,0.0
727,G24051001502001,45352.50984083678,2677.526371754864,0.05903810794929674
728,G24051001502002,23655.07916148286,0.0,0.0
729,G24051001502003,42048.74545492582,0.0,0.0
730,G24051001503001,31160.19466095557,0.0,0.0
731,G24051001503002,36388.21804547357,0.0,0.0
732,G24051001503003,30443.729214400442,0.0,0.0
733,G24051001504001,52850.894830027995,0.0,0.0
734,G24051001504002,55586.01500728255,9018.013365815956,0.16223529181997431
735,G24051001504003,100752.34818293864,1364.289441714068,0.013541018808185914
736,G24051001505001,76209.12853309853,3227.4052440446153,0.0423493262049692
737,G24051001505002,85715.96796516783,5391.24911882942,0.06289667195988789
738,G24051001506001,47444.313441043385,10973.7086482844,0.2312966054808837
739,G24051001506002,19794.000981709316,0.0,0.0
740,G24051001506003,25781.929539076427,0.0,0.0
741,G24051001506004,40374.36865804443,0.0,0.0
742,G24051001506005,55353.89685356652,0.0,0.0
743,G24051001507011,47590.052866668695,0.0,0.0
744,G24051001507012,21264.073884757563,0.0,0.0
745,G24051001507013,21542.401684717555,0.0,0.0
746,G24051001507021,33822.507676161804,5419.15081124809,0.16022321180719318
747,G24051001507022,31857.16237715828,0.0,0.0
748,G24051001507023,24717.081424784425,0.0,0.0
749,G24051001508001,33240.54709522577,0.0,0.0
750,G24051001508002,30509.144042748016,0.0,0.0
751,G24051001508003,50652.28874873118,0.0,0.0
752,G24051001508004,21195.284413614343,0.0,0.0
753,G24051001508005,31298.962527341326,0.0,0.0
754,G24051001508006,25440.28839093577,0.0,0.0
755,G24051001509001,43072.268005938975,0.0,0.0
756,G24051001509002,36295.57643864911,0.0,0.0
757,G24051001509003,30679.717554786297,0.0,0.0
758,G24051001509004,42817.091553615035,0.0,0.0
759,G24051001510001,29753.078424069317,0.0,0.0
760,G24051001510002,51737.13658398354,0.0,0.0
761,G24051001510003,22858.818665470662,0.0,0.0
762,G24051001510004,23614.310931934328,0.0,0.0
763,G24051001510005,64055.58284751906,0.0,0.0
764,G24051001510006,39434.23829174352,0.0,0.0
765,G24051001510007,27188.94367383798,0.0,0.0
766,G24051001511001,30346.350173700797,0.0,0.0
767,G24051001511002,60489.398181183366,0.0,0.0
768,G24051001511003,46815.4425348691,1283.7535287035246,0.027421582691381348
769,G24051001511004,46708.793168764445,0.0,0.0
770,G24051001511005,31054.352553930545,0.0,0.0
771,G24051001511006,70692.81920759406,0.0,0.0
772,G24051001512001,42872.93109771715,0.0,0.0
773,G24051001512002,16430.278885777414,0.0,0.0
774,G24051001512003,29537.467911977932,0.0,0.0
775,G24051001512004,21608.850458307614,0.0,0.0
776,G24051001512005,29845.944143412264,0.0,0.0
777,G24051001513001,35862.43036344581,0.0,0.0
778,G24051001513002,30975.017187507685,0.0,0.0
779,G24051001513003,22944.61986799823,0.0,0.0
780,G24051001513004,55485.61972194137,0.0,0.0
781,G24051001513005,50007.63483680818,0.0,0.0
782,G24051001601001,13935.172476460324,0.0,0.0
783,G24051001601002,11383.48848899325,0.0,0.0
784,G24051001601003,39309.78390748917,0.0,0.0
785,G24051001601004,27477.237157137606,0.0,0.0
786,G24051001602001,20879.52446012217,0.0,0.0
787,G24051001602002,39790.47163892965,0.0,0.0
788,G24051001602003,6538.002583101768,0.0,0.0
789,G24051001603001,26790.625780863607,0.0,0.0
790,G24051001603002,16341.243320760977,0.0,0.0
791,G24051001604001,27276.26061898504,0.0,0.0
792,G24051001604002,29881.733538600674,0.0,0.0
793,G24051001604003,20761.802330011582,0.0,0.0
794,G24051001604004,18905.282700377647,0.0,0.0
795,G24051001605001,71918.4414835593,2587.4612578181955,0.03597771592992173
796,G24051001605002,36455.91398385907,3275.106109778434,0.0898374434180554
797,G24051001605003,32836.57860945683,3895.295171427382,0.11862670644698498
798,G24051001605004,38894.97236725874,3785.264502227899,0.09732014889961159
799,G24051001605005,52167.83287875686,16344.409430689571,0.3133043588119824
800,G24051001606001,21826.666802512547,0.0,0.0
801,G24051001606002,35875.39186064363,3022.7749403801836,0.08425761458221889
802,G24051001606003,31629.080339907337,0.0,0.0
803,G24051001606004,24931.496211719343,0.0,0.0
804,G24051001606005,20389.792878604047,0.0,0.0
805,G24051001607001,27267.321676133615,8971.94726026871,0.32903661631430503
806,G24051001607002,28186.06715261341,965.4532542640209,0.03425285439918155
807,G24051001607003,26643.26888340745,0.0,0.0
808,G24051001607004,35076.20797472943,0.0,0.0
809,G24051001607005,21528.719476650003,0.0,0.0
810,G24051001607006,21382.237714061022,0.0,0.0
811,G24051001607007,18801.617227865947,0.0,0.0
812,G24051001608011,28821.71154036093,0.0,0.0
813,G24051001608012,17090.698576591098,0.0,0.0
814,G24051001608013,20355.63760589284,0.0,0.0
815,G24051001608014,32004.893090723388,0.0,0.0
816,G24051001608021,29176.20333264119,0.0,0.0
817,G24051001608022,35345.34368227472,0.0,0.0
818,G24051001608023,35049.153364100006,0.0,0.0
819,G24051001701001,52556.495587398735,0.0,0.0
820,G24051001701002,21871.369455949734,0.0,0.0
821,G24051001702001,46419.513044050414,0.0,0.0
822,G24051001702002,34658.25547406035,0.0,0.0
823,G24051001702003,31089.196429838987,0.0,0.0
824,G24051001703001,34983.38638225099,0.0,0.0
825,G24051001703002,30883.06575314823,0.0,0.0
826,G24051001801001,25473.738828178874,0.0,0.0
827,G24051001801002,38746.57661790015,0.0,0.0
828,G24051001802001,23476.263571330615,0.0,0.0
829,G24051001802002,16930.861373863463,0.0,0.0
830,G24051001803001,47660.15767028305,0.0,0.0
831,G24051001803002,44971.237027038296,0.0,0.0
832,G24051001901001,18990.657052130544,0.0,0.0
833,G24051001901002,32422.962638064015,0.0,0.0
834,G24051001901003,29966.453776962153,0.0,0.0
835,G24051001902001,38989.25115192832,0.0,0.0
836,G24051001902002,37296.993085080656,0.0,0.0
837,G24051001903001,25769.70440091802,0.0,0.0
838,G24051001903002,24921.464160132386,0.0,0.0
839,G24051001903003,13401.569100777915,0.0,0.0
840,G24051001903004,37411.72252554916,0.0,0.0
841,G24051002001001,10512.043451831401,0.0,0.0
842,G24051002001002,32247.26685526891,0.0,0.0
843,G24051002002001,42810.49071787544,0.0,0.0
844,G24051002002002,24839.47298648874,0.0,0.0
845,G24051002002003,21879.87256942674,5637.268773967644,0.2576463256849463
846,G24051002002004,25452.75725718702,4456.902545685754,0.1751049012352983
847,G24051002002005,101048.7770156934,8951.712315361756,0.0885880322329038
848,G24051002003001,23116.925105700302,0.0,0.0
849,G24051002003002,20722.56991907066,0.0,0.0
850,G24051002004001,53969.808251712784,10132.408078590017,0.18774215449002368
851,G24051002004002,47978.89265923893,0.0,0.0
852,G24051002005001,22776.829006323987,0.0,0.0
853,G24051002005002,39455.51447330588,20166.398991975067,0.5111173751293725
854,G24051002005003,1549.1136093753616,0.0,0.0
855,G24051002005004,30559.830977250887,72.74609198095956,0.002380448112920279
856,G24051002005005,25728.05483895881,0.0,0.0
857,G24051002006001,70197.75191227722,4275.164950339132,0.060901735937093845
858,G24051002006002,73073.21194444959,6354.690919826119,0.08696334471594007
859,G24051002006003,28003.030608553232,0.0,0.0
860,G24051002007011,28282.567463054922,0.0,0.0
861,G24051002007012,31734.907109142576,0.0,0.0
862,G24051002007013,25471.171907009702,0.0,0.0
863,G24051002007014,47841.9420644893,0.0,0.0
864,G24051002007015,27977.278129246846,0.0,0.0
865,G24051002007021,27559.7812066503,0.0,0.0
866,G24051002007022,29176.14250379753,0.0,0.0
867,G24051002008001,54662.238890536646,1789.2637644634372,0.03273308596170952
868,G24051002008002,29393.711576218582,0.0,0.0
869,G24051002008003,31204.887486596344,0.0,0.0
870,G24051002101001,289661.24533061014,0.0,0.0
871,G24051002101002,75854.08758028217,0.0,0.0
872,G24051002102001,454319.1258485516,48920.48811737974,0.10767868956872291
873,G24051002102002,94039.64531511559,0.0,0.0
874,G24051002201001,103667.90874843932,0.0,0.0
875,G24051002201002,132323.14564954402,0.0,0.0
876,G24051002201003,37197.4573212016,0.0,0.0
877,G24051002201004,51202.16931775489,0.0,0.0
878,G24051002301001,57976.37747309062,0.0,0.0
879,G24051002301002,44817.80238442867,0.0,0.0
880,G24051002302001,55622.31918158408,0.0,0.0
881,G24051002302002,46974.2716790302,0.0,0.0
882,G24051002303001,90455.21195685808,0.0,0.0
883,G24051002303002,43801.9535745041,0.0,0.0
884,G24051002401001,200793.7996921657,0.0,0.0
885,G24051002401002,77564.2921591728,0.0,0.0
886,G24051002402001,76248.66638862569,0.0,0.0
887,G24051002402002,46132.87490383433,0.0,0.0
888,G24051002403001,38663.213337942965,0.0,0.0
889,G24051002403002,28959.56029504865,0.0,0.0
890,G24051002403003,26289.959194161376,0.0,0.0
891,G24051002404001,55002.55889657033,0.0,0.0
892,G24051002404002,83928.00179625108,0.0,0.0
893,G24051002404003,45924.15922067103,0.0,0.0
894,G24051002501011,32619.947993618473,3540.2239901445046,0.10852941858880609
895,G24051002501012,86727.48159766,1616.0578974000682,0.018633746393065694
896,G24051002501021,49687.091777250585,1113.4524809618754,0.022409290645416153
897,G24051002501022,45932.025949854935,0.0,0.0
898,G24051002501031,84739.38065405644,534.4735396548772,0.006307262757050752
899,G24051002501032,79716.06905087011,0.0,0.0
900,G24051002501033,60996.92738323258,0.0,0.0
901,G24051002501034,30572.828067897175,0.0,0.0
902,G24051002502031,49075.404011668754,1189.3379117824861,0.024234908213892542
903,G24051002502032,29606.863297259297,0.0,0.0
904,G24051002502041,34658.91314068086,0.0,0.0
905,G24051002502042,70833.60380911508,0.0,0.0
906,G24051002502051,139059.828597143,0.0,0.0
907,G24051002502052,31798.34074210388,0.0,0.0
908,G24051002502053,21473.275647420294,0.0,0.0
909,G24051002502054,81951.33119180072,13883.688805549133,0.16941382895972046
910,G24051002502055,37847.98341999398,0.0,0.0
911,G24051002502061,215900.29408300994,4064.12806762755,0.018824096951275866
912,G24051002502062,133716.91572037275,1227.6187517551634,0.00918072889388464
913,G24051002502063,63257.71445203866,0.0,0.0
914,G24051002502071,77956.46926045236,262.1497273474918,0.0033627706569374026
915,G24051002502072,38202.165032198136,2050.585714298953,0.053677212078704094
916,G24051002503011,73433.09056661041,871.891510646308,0.011873278162729976
917,G24051002503012,36543.02502373794,955.8491934588474,0.02615681632371536
918,G24051002503031,57187.41058567585,19741.64770799964,0.3452096799945769
919,G24051002503032,31708.64444162417,0.0,0.0
920,G24051002503033,18756.23449226304,0.0,0.0
921,G24051002504011,102018.92275230587,0.0,0.0
922,G24051002504012,47253.48257237647,0.0,0.0
923,G24051002504013,52238.0789790244,1687.9724365187076,0.03231306490417638
924,G24051002504021,35995.5437703132,0.0,0.0
925,G24051002504022,19845.54616027209,0.0,0.0
926,G24051002504023,31540.793168638862,0.0,0.0
927,G24051002504024,30038.0899976472,4686.414583946089,0.15601573150334003
928,G24051002505001,196525.03311701256,5907.893108378062,0.030061784062188433
929,G24051002505002,220417.9749851349,2259.0987500016536,0.010249158446147636
930,G24051002505003,93805.21116946456,0.0,0.0
931,G24051002505004,33744.851829060804,0.0,0.0
932,G24051002505005,54134.73219761059,0.0,0.0
933,G24051002506001,310650.79108277964,2583.7619035016114,0.008317255187073101
934,G24051002601011,56187.3243356355,2195.1454431612033,0.03906833915152253
935,G24051002601012,31417.296864998156,0.0,0.0
936,G24051002601013,37455.16767616346,0.0,0.0
937,G24051002601014,34473.66239294721,708.6256323938503,0.02055556570452533
938,G24051002601015,61645.8250463086,4199.091798786632,0.06811640197259518
939,G24051002601021,30633.770441282908,0.0,0.0
940,G24051002601022,24088.05278535903,257.90784011937717,0.010706877904059404
941,G24051002601023,24127.91759710093,0.0,0.0
942,G24051002601024,47350.47889279787,787.9831114007669,0.016641502468956466
943,G24051002601025,77841.11786148629,0.0,0.0
944,G24051002602011,61011.35275050402,0.0,0.0
945,G24051002602012,38105.35156656938,263.36867816060817,0.006911592921548243
946,G24051002602013,40681.79928422822,0.0,0.0
947,G24051002602014,67526.58242202322,25.117407428599858,0.0003719632554720855
948,G24051002602021,25199.79467992926,0.0,0.0
949,G24051002602022,46520.33660883483,0.0,0.0
950,G24051002602023,43146.49057228171,0.0,0.0
951,G24051002602024,38826.84339172052,2819.7903689379445,0.07262476479195937
952,G24051002602031,61046.70346349322,0.0,0.0
953,G24051002602032,34682.64941863672,0.0,0.0
954,G24051002603011,28090.92542860233,0.0,0.0
955,G24051002603012,28934.037131418925,0.0,0.0
956,G24051002603013,23994.043719544305,1213.1349692302704,0.05055983824194308
957,G24051002603014,22981.424022846688,1525.2341923574804,0.06636813240298724
958,G24051002603015,39212.09721962422,1541.801865695717,0.03931954613547427
959,G24051002603021,16505.60722899979,0.0,0.0
960,G24051002603022,21614.383676080484,0.0,0.0
961,G24051002603023,22066.58765004861,0.0,0.0
962,G24051002603024,42966.61523219759,0.0,0.0
963,G24051002603025,25841.490752453286,0.0,0.0
964,G24051002603026,37637.78560292816,0.0,0.0
965,G24051002603031,179577.25844561186,0.0,0.0
966,G24051002604011,28611.01580048694,0.0,0.0
967,G24051002604012,96060.81956127165,0.0,0.0
968,G24051002604013,14905.647679829015,0.0,0.0
969,G24051002604021,63988.83471800833,0.0,0.0
970,G24051002604022,64839.82398433399,260.7223082772179,0.004021021222084305
971,G24051002604031,31946.51991249131,0.0,0.0
972,G24051002604032,76185.65819146115,7201.799172983374,0.09452959184108681
973,G24051002604041,151423.7079227008,58169.00818308085,0.38414729754719207
974,G24051002604042,314847.2019296288,21189.236763210705,0.06730006375583637
975,G24051002604043,72537.29593650186,1761.8821739441864,0.024289328009780148
976,G24051002605011,207384.90334751987,0.0,0.0
977,G24051002605012,47285.20381867515,0.0,0.0
978,G24051002605013,211228.11861301286,0.0,0.0
979,G24051002606041,15176.506506421803,0.0,0.0
980,G24051002606042,9526.566020163698,0.0,0.0
981,G24051002606043,17284.75794701972,0.0,0.0
982,G24051002606051,61505.490327892774,3324.2656146226855,0.05404827433942314
983,G24051002606052,72619.16336418883,3029.7611470983893,0.04172123454389004
984,G24051002606053,30653.11216421961,0.0,0.0
985,G24051002606054,62167.39405231085,0.0,0.0
986,G24051002606055,6598.745306856277,0.0,0.0
987,G24051002606056,1068724.201343228,0.0,0.0
988,G24051002607001,72382.62863615161,0.0,0.0
989,G24051002607002,40312.66517495113,0.0,0.0
990,G24051002608001,36378.94683099026,0.0,0.0
991,G24051002608002,58167.45465451138,0.0,0.0
992,G24051002609001,84474.76376400769,0.0,0.0
993,G24051002609002,30982.065279411097,0.0,0.0
994,G24051002609003,83284.10126617916,0.0,0.0
995,G24051002610001,18266.412245684554,0.0,0.0
996,G24051002610002,12190.498768869595,0.0,0.0
997,G24051002610003,13974.090436545637,0.0,0.0
998,G24051002610004,35540.724641592315,0.0,0.0
999,G24051002611001,40460.508366417096,0.0,0.0
1000,G24051002611002,52316.32844967572,0.0,0.0
1001,G24051002701011,37776.17951549823,0.0,0.0
1002,G24051002701012,36436.59381507443,0.0,0.0
1003,G24051002701021,30328.78796212429,0.0,0.0
1004,G24051002701022,35214.28610934984,0.0,0.0
1005,G24051002701023,43381.410633265434,0.0,0.0
1006,G24051002701024,48247.14536679693,0.0,0.0
1007,G24051002702001,44412.761986610916,0.0,0.0
1008,G24051002702002,34180.76593297211,163.88538666890668,0.004794666889275773
1009,G24051002702003,37125.457592328356,0.0,0.0
1010,G24051002703011,34639.1649503433,0.0,0.0
1011,G24051002703012,35998.3023462161,0.0,0.0
1012,G24051002703013,33402.0025231663,1769.2390711095618,0.052968053932769085
1013,G24051002703014,49015.4307760692,150.74456820654552,0.003075451257283319
1014,G24051002703021,37940.1952110033,0.0,0.0
1015,G24051002703022,48262.227058017634,0.0,0.0
1016,G24051002704011,78939.82303984958,0.0,0.0
1017,G24051002704012,49769.8217864552,997.6856500116626,0.02004599603133764
1018,G24051002704013,41578.14569310053,0.0,0.0
1019,G24051002704014,36875.751829458575,0.0,0.0
1020,G24051002704021,30408.60321288754,0.0,0.0
1021,G24051002704022,38307.0337261192,0.0,0.0
1022,G24051002704023,45879.38303403824,0.0,0.0
1023,G24051002704024,56763.270876897186,0.0,0.0
1024,G24051002705011,60069.34638916481,0.0,0.0
1025,G24051002705012,47936.287640279,0.0,0.0
1026,G24051002705013,44941.59517940135,0.0,0.0
1027,G24051002705014,73846.26221820543,0.0,0.0
1028,G24051002705021,49499.4845323475,0.0,0.0
1029,G24051002705022,48631.0012248897,0.0,0.0
1030,G24051002705023,45651.873663383034,0.0,0.0
1031,G24051002705024,64477.506624103626,0.0,0.0
1032,G24051002706001,29134.682774859328,0.0,0.0
1033,G24051002706002,58807.04640498797,0.0,0.0
1034,G24051002706003,42668.44325691017,743.6152285770078,0.01742775624832713
1035,G24051002706004,53737.310057088995,0.0,0.0
1036,G24051002706005,31398.238362489883,0.0,0.0
1037,G24051002706006,18384.990621472523,0.0,0.0
1038,G24051002707011,53265.6724263418,0.0,0.0
1039,G24051002707021,12379.189952177037,0.0,0.0
1040,G24051002707022,56342.96465206787,14336.537904628294,0.25445125213343067
1041,G24051002707023,49653.43220853321,0.0,0.0
1042,G24051002707031,43120.70765246394,0.0,0.0
1043,G24051002707032,50576.55051280122,0.0,0.0
1044,G24051002707033,58971.57009936807,0.0,0.0
1045,G24051002708011,29218.95578268367,0.0,0.0
1046,G24051002708012,40573.587743604054,0.0,0.0
1047,G24051002708013,26328.836598659203,0.0,0.0
1048,G24051002708014,31851.96134894562,0.0,0.0
1049,G24051002708021,28692.248671497564,0.0,0.0
1050,G24051002708022,34732.73869973967,0.0,0.0
1051,G24051002708023,33575.86542464258,1767.3055393133766,0.05263618724228878
1052,G24051002708024,34861.58314045402,0.0,0.0
1053,G24051002708025,34473.7737650739,0.0,0.0
1054,G24051002708031,77275.28406411334,94.54162442465051,0.0012234393644701678
1055,G24051002708032,45933.70888092009,1932.1182487558283,0.04206318836052863
1056,G24051002708033,84627.0095195746,0.0,0.0
1057,G24051002708041,25247.99404411558,0.0,0.0
1058,G24051002708042,17512.140902352658,0.0,0.0
1059,G24051002708043,25792.363759017502,0.0,0.0
1060,G24051002708044,23719.879884714475,0.0,0.0
1061,G24051002708051,33713.17146604845,0.0,0.0
1062,G24051002708052,31673.650084836274,0.0,0.0
1063,G24051002708053,30800.322075495224,0.0,0.0
1064,G24051002708054,33139.888742136274,0.0,0.0
1065,G24051002708055,60305.90379232531,343.3143869736987,0.0056928818802876435
1066,G24051002709011,30914.23007544667,0.0,0.0
1067,G24051002709012,36662.1653164259,0.0,0.0
1068,G24051002709013,55594.19996035488,0.0,0.0
1069,G24051002709021,78440.05634676453,0.0,0.0
1070,G24051002709022,34378.58253730842,0.0,0.0
1071,G24051002709023,53016.32644019829,0.0,0.0
1072,G24051002709031,94816.71887103288,0.0,0.0
1073,G24051002709032,39563.059446735155,0.0,0.0
1074,G24051002709033,31343.736907177474,0.0,0.0
1075,G24051002710011,42012.441889649286,0.0,0.0
1076,G24051002710012,24183.946846853476,0.0,0.0
1077,G24051002710013,24262.80049749743,0.0,0.0
1078,G24051002710021,53610.610589377684,0.0,0.0
1079,G24051002710022,22701.067683348883,0.0,0.0
1080,G24051002710023,23729.151969929837,0.0,0.0
1081,G24051002710024,28137.136267904225,199.44460178418694,0.007088304932143773
1082,G24051002710025,34657.109593324465,0.0,0.0
1083,G24051002711011,30246.7760683288,0.0,0.0
1084,G24051002711012,50061.778748633085,0.0,0.0
1085,G24051002711013,47092.603409788084,0.0,0.0
1086,G24051002711021,64998.179309915155,1774.9037451887198,0.027306976349689333
1087,G24051002711022,59172.03830770811,3130.4854896798643,0.05290481077228783
1088,G24051002712001,38969.395587834726,0.0,0.0
1089,G24051002712002,65998.17127853243,0.0,0.0
1090,G24051002712003,57551.32507620602,0.0,0.0
1091,G24051002712004,80882.86841392497,419.7504572808635,0.00518960894330249
1092,G24051002712005,70952.16418194384,0.0,0.0
1093,G24051002712006,93811.19660935008,0.0,0.0
1094,G24051002713001,111094.63876048577,848.5922063980269,0.00763846226844076
1095,G24051002713002,54914.64150341389,0.0,0.0
1096,G24051002713003,62361.617122802796,260.3978926300082,0.004175611612463984
1097,G24051002714001,60114.440000464565,0.0,0.0
1098,G24051002714002,75859.76205400021,0.0,0.0
1099,G24051002714003,64529.834180095466,4299.8770494551945,0.06663393923273883
1100,G24051002715011,86520.67611551983,16570.83260012358,0.19152453892060087
1101,G24051002715012,40680.96270679214,1094.0398087307312,0.026893164171556568
1102,G24051002715013,43496.117233643454,0.0,0.0
1103,G24051002715014,57051.24601951375,0.0,0.0
1104,G24051002715015,61873.08086074944,0.0,0.0
1105,G24051002715031,90457.22336109569,53975.28514926685,0.5966940299925325
1106,G24051002716001,30681.461866748425,0.0,0.0
1107,G24051002716002,15519.775791205378,0.0,0.0
1108,G24051002716003,22626.139558099043,0.0,0.0
1109,G24051002716004,39631.67464873315,0.0,0.0
1110,G24051002716005,19387.407008470662,0.0,0.0
1111,G24051002716006,26731.703474262067,0.0,0.0
1112,G24051002717001,54196.210216200285,0.0,0.0
1113,G24051002717002,78547.43719028834,0.0,0.0
1114,G24051002717003,43840.41133343824,0.0,0.0
1115,G24051002717004,41973.582986085676,0.0,0.0
1116,G24051002717005,38914.933964755,0.0,0.0
1117,G24051002717006,26471.623996508733,0.0,0.0
1118,G24051002718011,42246.34426439193,0.0,0.0
1119,G24051002718012,35903.86973198157,0.0,0.0
1120,G24051002718013,51649.039914814966,0.0,0.0
1121,G24051002718021,29618.84812127218,0.0,0.0
1122,G24051002718022,23083.851448008594,0.0,0.0
1123,G24051002718023,22171.280973309742,0.0,0.0
1124,G24051002718024,49694.403174983505,0.0,0.0
1125,G24051002719001,42972.00056094711,0.0,0.0
1126,G24051002719002,28862.793802694567,0.0,0.0
1127,G24051002719003,44817.63782155925,0.0,0.0
1128,G24051002719004,35532.74188819457,0.0,0.0
1129,G24051002719005,39760.776653890964,0.0,0.0
1130,G24051002720031,46952.44786719433,0.0,0.0
1131,G24051002720032,34827.76849232534,1341.429894403004,0.03851610230780654
1132,G24051002720033,56883.815432213094,0.0,0.0
1133,G24051002720034,79098.66312980482,0.0,0.0
1134,G24051002720035,39116.15457833327,223.4925846953896,0.005713562263586713
1135,G24051002720041,36589.811855442254,0.0,0.0
1136,G24051002720042,64305.67071137181,0.0,0.0
1137,G24051002720051,36147.014866900885,0.0,0.0
1138,G24051002720052,39868.09018147013,0.0,0.0
1139,G24051002720053,51003.49314691239,0.0,0.0
1140,G24051002720061,71695.8185372808,0.0,0.0
1141,G24051002720062,53503.27378611797,0.0,0.0
1142,G24051002720071,73462.03508161346,0.0,0.0
1143,G24051002720072,40147.204077782735,0.0,0.0
1144,G24051002720073,23392.96478663914,0.0,0.0
1145,G24051002801011,31357.210264942943,0.0,0.0
1146,G24051002801012,211171.746714027,0.0,0.0
1147,G24051002801013,80801.52744223969,0.0,0.0
1148,G24051002801021,147267.954069143,0.0,0.0
1149,G24051002801022,44083.5445099774,0.0,0.0
1150,G24051002801023,54770.13683381387,0.0,0.0
1151,G24051002801024,54365.50508428494,0.0,0.0
1152,G24051002801025,60056.51468172884,0.0,0.0
1153,G24051002801026,33411.46633043507,0.0,0.0
1154,G24051002802001,55961.973251323696,0.0,0.0
1155,G24051002802002,28400.19205933689,0.0,0.0
1156,G24051002802003,22095.996838769108,0.0,0.0
1157,G24051002802004,36560.13212046975,0.0,0.0
1158,G24051002802005,40063.37402785619,0.0,0.0
1159,G24051002802006,49651.997156069585,0.0,0.0
1160,G24051002803011,27692.277717170335,0.0,0.0
1161,G24051002803012,43256.304848640604,257.06715585579786,0.0059428829336049165
1162,G24051002803013,52704.02956753729,121.17036724894365,0.0022990721628537063
1163,G24051002803021,43917.70199263025,0.0,0.0
1164,G24051002803022,45565.96624013454,1021.8963996119223,0.02242674706438761
1165,G24051002804011,26259.92946993751,0.0,0.0
1166,G24051002804012,54858.07698622403,0.0,0.0
1167,G24051002804013,27744.445497060646,0.0,0.0
1168,G24051002804014,30670.24939597815,0.0,0.0
1169,G24051002804015,14371.131145880698,0.0,0.0
1170,G24051002804021,26189.844124089224,0.0,0.0
1171,G24051002804022,37773.08130867989,0.0,0.0
1172,G24051002804031,25283.925023073374,0.0,0.0
1173,G24051002804032,41198.33688004759,0.0,0.0
1174,G24051002804033,59916.41978310934,0.0,0.0
1175,G24051002804034,28714.209418356113,0.0,0.0
1176,G24051002804035,29327.07982306439,0.0,0.0
1177,G24051002804041,57335.8247149956,0.0,0.0
1178,G24051002804042,25786.9871183444,0.0,0.0
1179,G24051002805001,76452.39654044517,0.0,0.0
1180,G24051002805002,107571.06587376549,28734.25849847523,0.26711884153118687
1181,G24051002805003,27011.397421848116,0.0,0.0
1182,G24051002805004,17306.28013856739,0.0,0.0
